Id,roberta_neg,roberta_neu,roberta_pos,roberta_compound,Reviews,ItemRating,ShippingRating
1,0.0011187469,0.013271064,0.9856102,0.9844914401182904,Very beautiful earrings. Will definitely buy more for gifts.,5.0,5.0
2,0.0015343699,0.007493417,0.9909723,0.9894379106117412,Beautiful earrings. Fast shipping. Can‚Äôt wait to wear them,5.0,5.0
3,0.001941585,0.012511288,0.9855472,0.9836055999621748,These earrings are absolutely beautiful.,5.0,5.0
4,0.0014054428,0.010883796,0.9877108,0.9863053311128168,Stunning earrings they look absolutely beautiful on!,5.0,5.0
5,0.0012909852,0.01005173,0.9886573,0.9873663105536252,"Truly beautiful earrings, quick delivery and super sweet packaging. I can highly recommend this product.",5.0,5.0
6,0.0021691353,0.011043637,0.9867872,0.9846180647145956,Love these earring so much!,5.0,5.0
7,0.0011051279,0.0071941637,0.9917007,0.990595581009984,Beautifully packaged & exceptional quality item. Looked lovely on my daughter when she wore them & I definitely will be ordering from this merchant again ‚ù§Ô∏è,5.0,5.0
8,0.003927369,0.02679875,0.96927387,0.9653464960865676,Great product. Very good quality for price,5.0,5.0
9,0.001633732,0.013453268,0.98491293,0.983279199921526,Great product five stars yay,5.0,5.0
10,0.0024150102,0.026461368,0.9711237,0.9687086851336062,Great quality! Will be ordering again,5.0,5.0
11,0.0017612339,0.008702213,0.9895365,0.9877752899192274,"Stunning, arrived quickly and I love the sparkle",5.0,5.0
12,0.0038198035,0.0909469,0.9052333,0.9014135200995952,Second pair I've purchased- because of the quality.  They arrived quickly too,5.0,5.0
13,0.002475295,0.01729139,0.98023325,0.977757957065478,Great product would recommend thanks,5.0,5.0
14,0.007630035,0.055037517,0.93733245,0.9297024165280164,Gorgeous earrings. Well made and don‚Äôt irritate my ears and I‚Äôm normally very sensitive!,5.0,5.0
15,0.0013730894,0.0076940856,0.9909328,0.9895597328431904,I love my earrings. :),5.0,5.0
16,0.001413956,0.022284187,0.97630185,0.9748878928367049,Good looking earrings. Very shiny.,4.0,4.0
17,0.0030623868,0.037405614,0.959532,0.9564696357119828,Great communication and rapid delivery.  Excellent earings,5.0,5.0
18,0.0023670532,0.01211514,0.98551774,0.9831506870687008,"Super quick delivery, beautiful earrings, clearly very well made and presented, they look as if they cost thousands!  Thank you William for the effort and care you take with your product, it makes all the difference!",5.0,5.0
19,0.0029061213,0.086338796,0.9107551,0.9078489765524864,"Shine like a diamond
Great",5.0,5.0
20,0.0012253941,0.019267255,0.9795074,0.9782819926040248,Beautiful earrings for every day!,4.0,5.0
21,0.94692427,0.047791537,0.005284262,-0.9416400073096156,"Look so fake
I am dissapointed.",1.0,2.0
22,0.0015845437,0.007494437,0.990921,0.9893364767776802,The earrings are really lovely. Thank you.,5.0,1.0
23,0.0019239219,0.013753407,0.9843226,0.9823986856499688,Item is lovely and looks great. Was as described and arrived in delivery time stated. Would recommend.,5.0,5.0
24,0.0012927359,0.0072717094,0.9914356,0.9901428514858708,"Lovely earrings, great quality. My mum is very happy x",5.0,5.0
25,0.0014993848,0.011433462,0.98706716,0.9855677782325074,Gorgeous earrings. My niece loved them.,5.0,5.0
26,0.0017618468,0.006720442,0.9915177,0.9897558757802472,I can‚Äôt say enough as to how beautiful these earrings are.  They sparkle but don‚Äôt look phony or cheap.  Love them and highly recommend them.,5.0,5.0
27,0.0044703977,0.037186734,0.95834285,0.9538724524900316,"Great item, looks like picture",5.0,5.0
28,0.0013713764,0.008144978,0.99048364,0.9891122651752084,These earrings are exquisitely made and absolutely beautiful! The perfect gift!,5.0,5.0
29,0.0043261545,0.040891454,0.95478237,0.9504562122747302,Great product and quick delivery,5.0,5.0
30,0.0014622133,0.015686354,0.9828514,0.981389172724448,These were shipped and delivered very quickly. The quality of this pair of earrings far exceeded expectations for the price and quickly became a favorite of my s/o,5.0,5.0
31,0.00083519676,0.010608028,0.98855674,0.987721545912791,My second pair of earrings! These are for my daughter. They look very authentic and of good quality. Highly recommend.,5.0,5.0
32,0.0014785939,0.007212493,0.9913089,0.9898303336231038,Beautiful earrings and I can‚Äôt wait to wear them!!,5.0,5.0
33,0.0015664176,0.006730935,0.9917026,0.990136198583059,"Gosh, these are jaw droppingly beautiful and authentic. I went for the full carat ones, definitely worth the few extra quid. Arrived within 48hrs for a bonus Christmas miracle! Thank you so much xxx",5.0,5.0
34,0.0011981324,0.006261824,0.99254006,0.9913419290678576,These earrings are so pretty! Exactly as pictured. Very happy that I purchased them.,5.0,5.0
35,0.0020041657,0.016780129,0.98121566,0.97921149013564,A lovely pair of studs and so sparkly.,5.0,5.0
36,0.0022025467,0.020492665,0.9773048,0.9751022695563734,"The shine, quality are truly amazing for the price and the shipping was quite fast given the season !",5.0,5.0
37,0.001362255,0.0049474644,0.99369025,0.992327997344546,"Seller was very nice and quick to reply! Very beautiful earrings, I love how it came with three different backings. They are my absolute favourite earrings; they shine so bright and are great quality. I was choosing between 7mm and 8mm and glad I chose the 8mm. I don‚Äôt regret it at all! I would definitely recommend this shop! 

Thanks again. Merry Christmas and Happy New Year!:)",5.0,5.0
38,0.0016416359,0.0071906066,0.9911678,0.9895261478377506,"2nd time I ordered from this seller. BEST quality and they look amazing. Shipping came so fast too, right in time for my trip - thank you!!",5.0,5.0
39,0.0014143154,0.011913429,0.9866723,0.9852579667931424,Amazing shopping experience will definitely order from them again!,5.0,5.0
40,0.002001181,0.007664031,0.9903348,0.988333627814427,These are so beautiful. Can‚Äôt wait to wear.,5.0,4.0
41,0.001743719,0.025124757,0.97313154,0.971387818455696,"Brilliant item, would highly recommend to anyone.",5.0,5.0
42,0.0027957868,0.018684391,0.97851986,0.9757240701001136,"Excellent service, prompt delivery, a pleasure to do business with",5.0,5.0
43,0.0017858284,0.0074874493,0.9907267,0.9889408809831366,It looks amazing love it will buy again,5.0,5.0
44,0.0021632211,0.016646177,0.9811906,0.9790274007245898,The quality looks so pretty and they came in fast.,5.0,5.0
45,0.0028741364,0.023810802,0.973315,0.970440864097327,Really lovely and delivered early.,5.0,5.0
46,0.2395022,0.5281888,0.232309,0.947756722352071,,5.0,5.0
47,0.0014088424,0.010540408,0.98805076,0.9866419164463878,Quick shipping. The earrings are gorgeous and fit so perfectly!,5.0,5.0
48,0.0074342033,0.086313374,0.90625244,0.8988182405009866,"Good quality, helpful customer service",5.0,4.0
49,0.0016398969,0.011996072,0.98636407,0.984724169713445,Beautiful gift for my partner,5.0,5.0
50,0.0015524857,0.02191523,0.97653234,0.9749798543052748,"Very pretty earrings, well made and beautifully packaged for delivery.",5.0,5.0
51,0.0013963274,0.00743741,0.9911663,0.9897699662251398,Love these earrings! Very nice,5.0,5.0
52,0.032971337,0.17102723,0.79600143,0.7630300968885422,Can‚Äôt complete review as it‚Äôs a present so haven‚Äôt opened yet! Bought for my daughter and think she will love it. Will review after Christmas üòÑ,5.0,5.0
53,0.0011857388,0.009172143,0.9896421,0.9884563448140398,Absolutely beautiful earrings and nicely packaged too. I hope my friend enjoys these,5.0,5.0
54,0.0016752931,0.010459051,0.9878656,0.9861903337296098,Beautiful and great quality excited to wear,5.0,5.0
55,0.0015626706,0.014828659,0.98360866,0.9820459925103932,"The earrings were as described--beautiful! Well packaged and presented,  so.easy to wrap as gift.",5.0,5.0
56,0.0019509848,0.006010961,0.992038,0.9900870267301798,"Too bad these are a gift‚Ä¶ I love them. They were packed well, and arrived timely. I was impressed! Very nice quality, I‚Äôm excited to give them.",5.0,5.0
57,0.0016113617,0.014572769,0.98381585,0.9822044870816172,Beautiful but not too big. I got the smaller size and they were just right. I wear them almost every day!,5.0,5.0
58,0.004899417,0.061632775,0.93346775,0.928568328730762,Beautiful and just as described.,5.0,5.0
59,0.0024216187,0.012471756,0.9851066,0.9826849687378854,Beautiful cut..not sure about the size 1 carat.  Haven't wore them yet.  They are beautiful studs earrings: a lot of sparkle . Would use this seller again to buy from and highly recommend.  The earrings are gorgeous.,5.0,5.0
60,0.0015784954,0.01565599,0.9827655,0.9811870004050434,Very happy with the purchase fast delivery,5.0,5.0
61,0.0016410864,0.011207893,0.987151,0.985509940306656,It was really good üòá,5.0,5.0
63,0.0030363698,0.015043598,0.98192006,0.9788836936932056,Lovely item and service. Thanks,5.0,5.0
64,0.0014388022,0.00688948,0.99167174,0.9902329387841746,Really lovely and arrived so quickly-very happy with them,5.0,5.0
65,0.002526329,0.0059109246,0.9915627,0.989036395214498,10/10 I love it so much!!,5.0,5.0
66,0.0014432258,0.0061013186,0.9924555,0.9910122567089276,Beautiful earrings. Looking great. I love these earrings,5.0,5.0
67,0.013061513,0.053354334,0.9335841,0.9205225808545948,They look very shiny and pretty.  come with 3 types of backs which is good as my daughter is terrible at losing them and earrings too.,5.0,5.0
68,0.0020758915,0.008605234,0.9893189,0.9872430157847704,So shiny and beautiful. Love them.,5.0,5.0
69,0.0016365806,0.012577463,0.985786,0.9841494401916862,"Amazing, I can‚Äôt wait to give them to my girlfriend!!",5.0,5.0
70,0.2395022,0.5281888,0.232309,0.947756722352071,,5.0,5.0
71,0.005432271,0.010857509,0.9837103,0.9782780180685222,i love it so much,5.0,5.0
72,0.0013803857,0.0067169275,0.99190265,0.9905222636880352,"Beautiful! So sparkly!  Exactly what I‚Äôve been looking for.  Very well presented in its lovely box and with extra backings.  The package arrived in a timely manner, the Royal Mail details were supplied as was the ETA .  The package was very well packed and included details of caring for your jewellery along with a lovely thank you note and that the earrings were handmade.  Such a lovely touch to a beautiful item.  Thank you so much",5.0,5.0
73,0.0019835073,0.010873116,0.98714334,0.985159830423072,"These are great! They look real - people have asked me/thought they were real diamonds. The setting is nice and comfortable - I like how they sit low and have a minimalistic look. The 1ct/7mm is the perfect size - can wear casually/every day, but also dress them up. And they‚Äôre not too big to the point that they look fake. Very impressed and highly recommend! Fast shipping too.",5.0,5.0
74,0.001306148,0.01646247,0.98223144,0.9809252901468426,"Wonderful earrings, I would buy again!",5.0,5.0
75,0.0022404816,0.043968838,0.95379066,0.9515501831192524,"Sparkling  diamonds üíé 
Even better in person 
Delivery was fast , international too !!",5.0,5.0
76,0.0013426285,0.009046445,0.9896109,0.9882682819152252,"Beautiful Earrings, which look great on. Thanks",5.0,5.0
77,0.0015956908,0.0075983373,0.9908059,0.989210233092308,They are simply stunning. Bought as a Christmas present for a friend and I‚Äôm sure she‚Äôll love them. Beautifully packaged. Would recommend. Thank you,5.0,5.0
78,0.0012477182,0.009122058,0.9896303,0.9883825636934488,"Overall splendid experience, the earrings look and feel fantastic. William has been so kind, helpful and patient with beginner questions. I can wholeheartedly recommend this shop, as well as these particular artificial diamond earrings.",5.0,5.0
79,0.002218202,0.011815104,0.98596674,0.9837485400494188,Earrings are beautiful. Great quality,5.0,5.0
80,0.054246537,0.7877015,0.15805201,0.1038054749369621,Ytgvb hhh but the only other,5.0,5.0
81,0.0019727116,0.0050001964,0.99302703,0.9910543197765946,"Love, love, love! These are so beautiful. I am so happy with this purchase.",5.0,5.0
82,0.0016058529,0.03189091,0.9665032,0.9648973500588908,Beautiful! Will be ordering a smaller size as well. I ordered the 2 carat for reference,5.0,5.0
83,0.0063933153,0.19600539,0.7976013,0.791207967326045,Perfect sets of earrings to get,5.0,5.0
84,0.0015446822,0.00931218,0.9891431,0.9875983913661912,Beautiful! Super shiny and the perfect size.,5.0,5.0
85,0.0015703548,0.016260237,0.98216945,0.9805990945314988,Just like the picture!! Super cute. Even my partner said it looks just like the real thing,5.0,5.0
86,0.25034794,0.45995668,0.2896954,0.0393474698066711,Beautiful earrings. First delivery went missing in post. Store owner sent second via express courier.,5.0,4.0
87,0.020611323,0.07405026,0.90533847,0.8847271427512169,"Beautiful. First delivery went missing in the post, no fault of the company. They sent another order via FedEx which was very much appreciated as I had an event to attend & hoped to wear them.",5.0,4.0
88,0.0020155278,0.010282511,0.98770195,0.9856864246539772,Brilliant! exactly as pictured and described. Excellent quality and so sparkly. Trusted seller I have bought 2 pairs of studs now and they are fantastic. Top service. Thank you,5.0,5.0
89,0.010126004,0.18821783,0.8016562,0.7915301825851202,"nice little earings, although a little on the small side.",5.0,5.0
90,0.00168124,0.005763005,0.9925558,0.9908745570573956,"These earrings are stunning , I ordered the 8 mm and they are just a perfect size . I'm so  pleased with them I'm going to order the necklace to make a set .
The quality is so good i will definitely be ordering more items .
I'm so pleased I found this store . Thank you",5.0,5.0
91,0.0042787036,0.0408431,0.9548782,0.9505995074287056,Absolutely beutiful. Wear them everyday,5.0,5.0
92,0.006018977,0.05259596,0.9413851,0.935366113204509,"Magnificent.
Rapid dispatch.
Very nice case.
With thanks.",5.0,5.0
93,0.7363748,0.25311118,0.010513995,-0.7258608005940914,Having issues with the sent backs of earrings,3.0,5.0
94,0.2395022,0.5281888,0.232309,0.947756722352071,,5.0,5.0
95,0.0017004733,0.008758197,0.98954135,0.9878408785443752,"This is my second pair of earrings, as one went astray on holiday. I love them, they are well made and super sparkle in my ears. 
I highly recommend the seller,",5.0,5.0
96,0.0037921432,0.025093276,0.9711146,0.9673224326688796,Beautiful price of jewellery which the recipient adored,5.0,5.0
97,0.0020606255,0.0067001428,0.99123925,0.9891786242369562,"Excellent quality, just what I was looking for! Wow how they sparkle! Beautifully made. Exactly as described and pictured. I'm going to buy more. Great service thank you so much! üòÄ",5.0,5.0
98,0.0011277106,0.008389753,0.99048257,0.98935485817492,"Great quality, can‚Äôt wait to wear them on the day of my wedding :)",5.0,5.0
99,0.0012648177,0.0059062624,0.9928289,0.9915640879189596,Really gorgeous earrings. They look stunning. So happy with this purchase,5.0,5.0
100,0.0013999934,0.007185118,0.99141484,0.9900148515589536,Perfect size. Exactly what I wanted and are so sparkly. Thank you!,5.0,5.0
101,0.0012786374,0.006410225,0.9923111,0.9910324825905265,"So very satisfied with this pair, very elegant and beautiful. Just what I wanted üòÅ.",5.0,5.0
102,0.0016833157,0.010208872,0.98810774,0.9864244251511992,"Great quality item, arrived quickly thank you!",5.0,5.0
103,0.0014790025,0.005512098,0.993009,0.991529968683608,I love them! They look great ‚Äî very authentic!,5.0,5.0
104,0.010176294,0.10473108,0.8850926,0.874916322529316,"Quality good, description accurate, recipient loved",5.0,5.0
105,0.0010532291,0.009715963,0.9892308,0.9881775825051592,Very pretty and sparkly.  Fits nicely on the lobes :),5.0,5.0
106,0.0017804416,0.0119775105,0.98624206,0.9844616142800078,amazinggg! looks super real and exceeds expectations.,5.0,5.0
107,0.0014145586,0.0063938107,0.9921916,0.9907770541030914,"The earrings are beautiful just like in the photo, they shine very much, they look beautiful, I can't stop seeing myself in the mirror. They are special. It took them 1 month to arrive in Mexico but the wait was worth it! I will definitely buy again happily ‚ô•Ô∏è‚ú®",5.0,5.0
108,0.9363874,0.05963942,0.0039730556,-0.9324143640697002,Was not satisfied for what I paid):,2.0,3.0
109,0.2395022,0.5281888,0.232309,0.947756722352071,,5.0,5.0
110,0.2395022,0.5281888,0.232309,0.947756722352071,,5.0,5.0
111,0.2395022,0.5281888,0.232309,0.947756722352071,,5.0,5.0
112,0.2395022,0.5281888,0.232309,0.947756722352071,,5.0,5.0
113,0.2395022,0.5281888,0.232309,0.947756722352071,,5.0,5.0
114,0.2395022,0.5281888,0.232309,0.947756722352071,,5.0,5.0
115,0.2395022,0.5281888,0.232309,0.9560862389496084,,5.0,3.0
116,0.2395022,0.5281888,0.232309,0.947756722352071,,5.0,5.0
117,0.2395022,0.5281888,0.232309,0.947756722352071,,5.0,5.0
118,0.2395022,0.5281888,0.232309,0.947756722352071,,5.0,5.0
119,0.0012185314,0.006509779,0.99227166,0.9910531303612516,"Beautiful earrings just the right size, thank you my partner loves them üòä",5.0,5.0
120,0.003968444,0.042522505,0.95350903,0.9495405885390936,Great service will use again.,5.0,5.0
121,0.002678894,0.015777139,0.9815439,0.9788650046102704,"Amazing customer service, comes in a beautiful box as well. So shiny, great value for $.",5.0,5.0
122,0.17026699,0.5126386,0.3170944,0.1468273997306823,"Great earrings. I know they are not diamonds, but I wish the description was clear what stones these actually are. There is a risk that other people might be misled.",3.0,2.5
123,0.0034224442,0.02121812,0.97535944,0.9719369956292212,"My wife loved them.
Second purchase and will not be the last.
Again a beautiful item and a great comapny.",5.0,5.0
124,0.0074526444,0.13654286,0.85600454,0.8485518917441368,"I bought 4 paid for a gift and they arrived in excellent timing all with a little card each, the only thing I might mention is it would have been nice to have a small card for each to explain that they are real silver and man made diamond etc.",5.0,5.0
125,0.016787684,0.13769679,0.8455155,0.8287278059870005,"Exactly as described
such a good quality for the price",5.0,5.0
126,0.001377754,0.005618353,0.9930039,0.9916261507896706,I bought these as a gift for my granddaughter's graduation....they are absolutely beautiful and she loves them!! They were delivered gift wrapped with a card timely and they were beautifully presented which I appreciate :),5.0,5.0
127,0.0016409372,0.037001602,0.9613575,0.959716537152417,Beautiful and high quality. I wore them on the day of my wedding.,5.0,5.0
128,0.0013721861,0.0064775124,0.9921503,0.9907781205838546,Love these earrings!! I‚Äôm wearing them for my wedding. It‚Äôs perfect!!,5.0,5.0
129,0.0014288333,0.014663185,0.98390806,0.9824792238650844,"Arrived quickly, as described and very sparkly! Loved the different backs too.",5.0,5.0
130,0.0012756339,0.009900188,0.9888242,0.9875485547818244,Really beautiful and look so real.  Given one to each daughter and they are thrilled with them.  Thank you. The price was also incredible compared to some lab grown diamonds.,5.0,5.0
131,0.113060005,0.5367372,0.35020274,0.2371427342295646,Decent. Paid a lot just to get earrings that look cheaper. Still wear them all the time time tho.,3.0,5.0
132,0.2395022,0.5281888,0.232309,0.947756722352071,,5.0,5.0
133,0.2395022,0.5281888,0.232309,0.947756722352071,,5.0,5.0
134,0.2395022,0.5281888,0.232309,0.947756722352071,,5.0,5.0
135,0.2395022,0.5281888,0.232309,0.947756722352071,,5.0,5.0
136,0.2395022,0.5281888,0.232309,0.947756722352071,,5.0,5.0
137,0.2395022,0.5281888,0.232309,0.947756722352071,,5.0,5.0
138,0.2395022,0.5281888,0.232309,0.9685805138459146,,5.0,5.0
139,0.2395022,0.5281888,0.232309,-0.0760829512345194,,2.0,3.0
140,0.0043127793,0.031200862,0.9644864,0.9601736408658326,very nice and matched my expectations.,5.0,5.0
141,0.0014198897,0.007120629,0.9914595,0.9900395991280676,Wonderful earrings. So big and shine so well . I love them .,5.0,5.0
142,0.0014132456,0.0055698673,0.99301684,0.9916035934584216,They are beautiful.  I‚Äôm so glad I ordered from this seller.  Thank you xoxo,5.0,5.0
143,0.0015597207,0.018354556,0.9800858,0.9785260694334283,"Great seller, speedy replies and delivery and beautiful earrings üôèüèºüí´",5.0,5.0
144,0.0012421572,0.006468202,0.9922896,0.991047445568256,These earrings are gorgeous . I love them . May be next time I will buy one more a bit bigger . Thanks,5.0,5.0
145,0.0016655942,0.014836285,0.98349816,0.9818325618980452,"Excellent quality earrings 
Love them and would definitely recommend this seller",5.0,5.0
146,0.0016701471,0.010644965,0.98768485,0.986014698864892,Stunning. Swift delivery. Really pleased!,5.0,5.0
147,0.0012307464,0.008741481,0.9900277,0.9887969793053344,"The earrings were a gift and have been greatly appreciated, so much so that my sister wears them every day.
The seller has always been very kind and attentive, I recommend this shop",5.0,5.0
148,0.0069370256,0.037540253,0.9555228,0.9485857500694692,"Beautiful earrings, exceeded my expectations.",5.0,5.0
149,0.0060155066,0.1519892,0.8419953,0.8359797922894359,Fast and good !,5.0,5.0
150,0.8241897,0.15408552,0.021724738,-0.802464984357357,"Earring studs are big and bright, but lacklustre in the light. They don‚Äôt have the sparkle I was hoping for. I‚Äôd likely not purchase again.",2.0,5.0
151,0.2395022,0.5281888,0.232309,0.947756722352071,,5.0,5.0
152,0.2395022,0.5281888,0.232309,0.947756722352071,,5.0,5.0
153,0.2395022,0.5281888,0.232309,0.947756722352071,,5.0,5.0
154,0.2395022,0.5281888,0.232309,0.6037003256240284,,4.0,5.0
155,0.2395022,0.5281888,0.232309,-0.4076450730662559,,1.0,2.5
156,0.2395022,0.5281888,0.232309,0.947756722352071,,5.0,5.0
157,0.2395022,0.5281888,0.232309,0.947756722352071,,5.0,5.0
158,0.2395022,0.5281888,0.232309,0.6078650839227971,,4.0,4.0
159,0.2395022,0.5281888,0.232309,0.9519214806508396,,5.0,4.0
160,0.2395022,0.5281888,0.232309,0.947756722352071,,5.0,5.0
161,0.0010985204,0.006793194,0.9921083,0.9910097650717944,"I am very happy with my earrings, they are very sparkly, just what I wanted",5.0,5.0
162,0.0011439385,0.0075044613,0.9913516,0.9902076659491286,"Lovely earrings, very happy with my purchase.",5.0,5.0
163,0.0013382154,0.0055685085,0.99309325,0.9917550367536024,"I was thrilled when my earrings arrived so quickly. They are very sparkly and cute!
I would highly recommend this seller.",5.0,5.0
164,0.0032305268,0.016874738,0.9798947,0.9766641708556564,Absolutely gorgeous.  Really shiny,5.0,5.0
165,0.0011054766,0.015239657,0.9836549,0.9825494396500288,"Super speedy delivery. So shiny, I ordered a second pair! X",5.0,5.0
166,0.0011054766,0.015239657,0.9836549,0.9825494396500288,"Super speedy delivery. So shiny, I ordered a second pair! X",5.0,5.0
167,0.0019842873,0.0057044453,0.99231124,0.9903269519563764,"Stunning! the sparkle is amazing, I love them!!",5.0,5.0
168,0.0019375803,0.006279988,0.9917824,0.9898448465391994,"OMG, these earrings are gorgeous! These earrings look like the real deal! I love them!",5.0,5.0
169,0.005273812,0.04285173,0.9518745,0.946600682567805,Very good,5.0,5.0
170,0.0018933058,0.02031149,0.97779524,0.975901937461458,Beautiful earrings. Would recommend,5.0,5.0
171,0.0013306628,0.011142044,0.9875273,0.9861966480966656,"Really beautiful, sparkly and very comfortable to wear",5.0,5.0
172,0.002415476,0.022449141,0.9751354,0.9727199100889266,I love earrings,5.0,5.0
173,0.2395022,0.5281888,0.232309,0.9519214806508396,,5.0,4.0
174,0.2395022,0.5281888,0.232309,0.947756722352071,,5.0,5.0
175,0.2395022,0.5281888,0.232309,0.947756722352071,,5.0,5.0
176,0.2395022,0.5281888,0.232309,0.947756722352071,,5.0,5.0
177,0.2395022,0.5281888,0.232309,0.947756722352071,,5.0,5.0
178,0.2395022,0.5281888,0.232309,0.947756722352071,,5.0,5.0
179,0.2395022,0.5281888,0.232309,0.947756722352071,,5.0,5.0
180,0.2395022,0.5281888,0.232309,0.947756722352071,,5.0,5.0
181,0.2395022,0.5281888,0.232309,0.947756722352071,,5.0,5.0
182,0.2395022,0.5281888,0.232309,0.947756722352071,,5.0,5.0
183,0.2395022,0.5281888,0.232309,-0.0635886763382133,,2.0,2.5
184,0.0015661311,0.008869824,0.98956406,0.9879979300312698,"Great product, very sparkling. My wife loved it.",5.0,5.0
185,0.0016867082,0.016181415,0.98213184,0.98044513061177,Lovely hope my sister loves them too,5.0,5.0
186,0.0014365291,0.0072343536,0.9913291,0.9898925448069348,Lovely earrings in a nice presentation box. Thank you.,5.0,5.0
187,0.0028884877,0.024393901,0.97271764,0.9698291551321744,Arrived really quickly and beautifully wrapped.  It‚Äôs just what I wanted and perfect,5.0,5.0
188,0.0014124451,0.0073150108,0.9912725,0.9898600640008226,Very nice workmanship. I have been wearing the earrings a lot! Loved it. Will buy more from the company.,5.0,5.0
189,0.008548351,0.036713008,0.9547387,0.9461903255432844,Perfect!  Just as I expected!,5.0,5.0
190,0.4533897,0.5212784,0.025331948,-0.4280577562749386,"These were bought as gifts, so can't speak to the quality, etc.",2.0,2.5
191,0.0012654937,0.043140665,0.9555938,0.9543283306993544,Very shiny ‚ú®!,5.0,5.0
192,0.06238971,0.25598928,0.681621,0.6192313060164452,"Earrings are ok but in all honesty they look considerably cheaper than I expected them to. I wouldn‚Äôt necessarily agree with past reviews that they represent good value for money - I wouldn‚Äôt repurchase if I misplaced them. Prompt delivery, arrived quickly in appropriate packaging.",3.0,5.0
193,0.2395022,0.5281888,0.232309,0.947756722352071,,5.0,5.0
194,0.2395022,0.5281888,0.232309,0.947756722352071,,5.0,5.0
195,0.2395022,0.5281888,0.232309,0.947756722352071,,5.0,5.0
196,0.2395022,0.5281888,0.232309,0.947756722352071,,5.0,5.0
197,0.2395022,0.5281888,0.232309,0.947756722352071,,5.0,5.0
198,0.2395022,0.5281888,0.232309,0.947756722352071,,5.0,5.0
199,0.2395022,0.5281888,0.232309,0.9519214806508396,,5.0,4.0
200,0.2395022,0.5281888,0.232309,0.947756722352071,,5.0,5.0
201,0.2395022,0.5281888,0.232309,0.947756722352071,,5.0,5.0
202,0.2395022,0.5281888,0.232309,0.947756722352071,,5.0,5.0
203,0.2395022,0.5281888,0.232309,0.947756722352071,,5.0,5.0
204,0.2395022,0.5281888,0.232309,0.947756722352071,,5.0,5.0
205,0.2395022,0.5281888,0.232309,0.947756722352071,,5.0,5.0
206,0.0014147407,0.0076589356,0.9909264,0.9895116442348808,The earrings are so beautiful! I  would highly recommend them.,5.0,5.0
207,0.09478542,0.21534428,0.6898703,0.5950848758220673,"The earrings are very nice. I didn‚Äôt realize,at the time, that the earrings were being shipped from the UK. That was my fault for not paying attention.",5.0,4.0
208,0.0017741732,0.006761357,0.99146444,0.989690262824297,"My earrings were beyond gorgeous!
The quality was was excellent, the price was exceptional and the entire process was so quick and simple. 
Thank you so very much.",5.0,5.0
209,0.0014259061,0.0069661154,0.991608,0.9901821175590158,The earrings are beautiful! My daughter loves them.,5.0,5.0
210,0.0014765923,0.0059133014,0.99261016,0.9911335642682388,"Very nice earrings.  I love them.  They matched the description and met all my expectations.  Also, the owner was very very nice and helpful.",5.0,5.0
211,0.0022885087,0.0062379716,0.99147356,0.9891850468702614,I absolutely love this! Stunningly beautiful!,5.0,5.0
212,0.0012265188,0.009522649,0.9892509,0.9880243795923888,Very pretty earrings. Thank you!,5.0,5.0
213,0.0012572109,0.010390658,0.9883521,0.9870949090691284,these were for my granddaughter and she LOVES them,5.0,5.0
214,0.0029367022,0.038235277,0.95882803,0.955891329795122,Beautiful and fast delivery x,5.0,5.0
215,0.008109323,0.22376536,0.76812536,0.7600160324946046,Delivered on time and as expected.,5.0,5.0
216,0.0015995055,0.01896659,0.97943395,0.9778344482183456,Very beautiful and shiny earrings,5.0,5.0
217,0.0020606096,0.018770296,0.9791691,0.9771084610838444,Beautiful earrings ü•∞,5.0,5.0
218,0.0012854215,0.007274534,0.99144006,0.9901546362088992,The earrings made a great gift. Fast delivery. Thank you!,5.0,5.0
219,0.0017533246,0.010318708,0.987928,0.9861746486276388,Beautiful! I exclaimed WoW as soon as I opened the box and saw üîù them Very bright great value for money.,5.0,5.0
220,0.2395022,0.5281888,0.232309,0.947756722352071,,5.0,5.0
221,0.2395022,0.5281888,0.232309,0.947756722352071,,5.0,5.0
222,0.2395022,0.5281888,0.232309,0.9519214806508396,,5.0,4.0
223,0.2395022,0.5281888,0.232309,0.947756722352071,,5.0,5.0
224,0.2395022,0.5281888,0.232309,0.947756722352071,,5.0,5.0
225,0.2395022,0.5281888,0.232309,0.947756722352071,,5.0,5.0
226,0.2395022,0.5281888,0.232309,0.947756722352071,,5.0,5.0
227,0.0023512207,0.007995572,0.98965317,0.9873019494116306,Good quality! I love it.,5.0,5.0
228,0.0011168519,0.0062782583,0.99260485,0.991487999795936,"Very pretty, the 8 mm is lovely, nice assortment of earring backs come with the purchase-so appreciated! My go-to daily earrings. Would definitely recommend and buy again. They won‚Äôt disappoint! Thanks",5.0,5.0
229,0.0017612621,0.0050924523,0.9931463,0.9913850382436068,"These earrings are absolutely stunning!! Excellent quality, super sparkly - I received so many compliments! Thank you so much again :)",5.0,5.0
230,0.0034227506,0.0153556,0.9812216,0.9777988656423986,Thanks I love it,3.0,5.0
231,0.001649283,0.01543568,0.98291504,0.9812657608417794,So pretty and this is what I‚Äôm looking for,5.0,5.0
232,0.0010802681,0.027289981,0.97162974,0.9705494707450272,Brought as birthday present and recipient very happy,5.0,5.0
233,0.001418343,0.007840398,0.99074125,0.9893229098524898,"These are the perfect size, and I love the sparkle!",5.0,5.0
234,0.0017972819,0.01528897,0.9829138,0.9811165102291852,"Great quality item, fast postage, highly reccomend!",5.0,5.0
235,0.0010329442,0.009503395,0.9894637,0.9884307427564636,These are GORGEOUS. I immediately ordered two more pair for gifts.,5.0,5.0
236,0.0017227029,0.013033417,0.9852439,0.9835212136385962,"Quick delivery look fantastic, would use this site again",5.0,5.0
237,0.001284385,0.0054503577,0.9932653,0.9919808862032368,"Very sparkly, look beautiful, came quickly. A birthday present my family member will love!!!",5.0,5.0
238,0.0013057272,0.011493019,0.9872012,0.9858954866649584,Beautiful sparkly earrings. Nicely packaged and look great on. Just the right size xx,5.0,5.0
239,0.0014798172,0.018187854,0.9803324,0.9788525573676452,"Beautiful stud earrings with two extra clasps, perfect!",5.0,5.0
240,0.002840326,0.043028735,0.954131,0.9512906812597066,"Perfect order, fast .earrings very pretty.",5.0,5.0
241,0.2395022,0.5281888,0.232309,0.947756722352071,,5.0,5.0
242,0.2395022,0.5281888,0.232309,0.947756722352071,,5.0,5.0
243,0.2395022,0.5281888,0.232309,0.947756722352071,,5.0,5.0
244,0.2395022,0.5281888,0.232309,0.947756722352071,,5.0,5.0
245,0.2395022,0.5281888,0.232309,0.947756722352071,,5.0,5.0
246,0.2395022,0.5281888,0.232309,0.947756722352071,,5.0,5.0
247,0.2395022,0.5281888,0.232309,0.947756722352071,,5.0,5.0
248,0.2395022,0.5281888,0.232309,0.947756722352071,,5.0,5.0
249,0.2395022,0.5281888,0.232309,0.947756722352071,,5.0,5.0
250,0.002057419,0.006949297,0.9909933,0.9889359020162374,"I absolutely fell in love asa I opened the box.  These earrings are to die for, gorgeous! 
Thank you!",5.0,5.0
251,0.0012295642,0.0064350935,0.9923354,0.9911058149300516,beautiful earrings! very happy with my purchase and the seller is very good at communicating :),5.0,5.0
252,0.0013497706,0.0062781717,0.99237204,0.9910222653998062,These earrings are beautiful. So sparkly. They are a gift for my daughter. I think she will love them!,5.0,5.0
253,0.0014562774,0.010414522,0.9881292,0.9866729211062192,Beautiful earrings! Perfect size and great packaging.,5.0,5.0
254,0.0045323092,0.029024541,0.9664432,0.9619108717888594,Great quality. The item perfectly matched the description. Very Sparkly. It more tham met my expectations.,5.0,5.0
255,0.0013828584,0.011451193,0.98716587,0.9857830099062994,"Bought as a gift. Just like the photos but even more sparkly! Quick delivery. Thanks very much, would highly recommend.",5.0,5.0
256,0.0070161694,0.06409001,0.92889386,0.9218776947818696,"great earrings, met my expectations",5.0,5.0
257,0.02830571,0.122302964,0.8493913,0.8210855722427368,This is exactly as i expected!,5.0,5.0
258,0.0031927654,0.016168326,0.9806389,0.9774461558554322,Absolutely in love with it!,5.0,5.0
259,0.005972446,0.026511062,0.9675165,0.9615440359339118,You literally cannot tell the difference between my real diamond and these!  A MUST BUY purchase!  I really like the three different backs they give you to choose from too.   THANK YOU!,5.0,5.0
260,0.001342788,0.0067815627,0.99187565,0.99053286050912,Stunning! Lovely sparkle. They are gorgeous! Thanks üòä,5.0,5.0
261,0.001122697,0.019679422,0.97919786,0.9780751627404244,Get complemented all the time! So sparkly!,5.0,5.0
262,0.002885491,0.024257215,0.9728573,0.9699718055780976,Beautiful! Fast shipping !,5.0,5.0
263,0.0026556575,0.034042098,0.9633022,0.9606465375982224,Beautiful studs. Package included three different types of earrings backs. Fast shipping,5.0,5.0
264,0.0014323223,0.0066804294,0.9918873,0.990454949089326,Beautiful! They've exceeded my expectations and would make my wedding day brighter :),5.0,5.0
265,0.0014926675,0.021090128,0.97741723,0.9759245631285012,Perfect size and great sparkle!,5.0,5.0
266,0.2395022,0.5281888,0.232309,0.947756722352071,,5.0,5.0
267,0.2395022,0.5281888,0.232309,0.947756722352071,,5.0,5.0
268,0.2395022,0.5281888,0.232309,0.947756722352071,,5.0,5.0
269,0.2395022,0.5281888,0.232309,0.947756722352071,,5.0,5.0
270,0.2395022,0.5281888,0.232309,0.947756722352071,,5.0,5.0
271,0.2395022,0.5281888,0.232309,0.947756722352071,,5.0,5.0
272,0.2395022,0.5281888,0.232309,0.947756722352071,,5.0,5.0
273,0.009276444,0.058767054,0.9319565,0.9226800855249166,"Wow.  So pretty, .5ct was the perfect size‚Ä¶ you would seriously need a Jewellers‚Äô glass to tell they are not ‚Äúmined‚Äù diamonds!!",5.0,5.0
274,0.032965913,0.14667447,0.82035965,0.7873937338590622,Exactly as described.  Lovely.,5.0,5.0
275,0.0013539153,0.012185609,0.98646045,0.98510653199628,Beautiful earings and very kind and helpful service. Would definitely purchase again from this company,5.0,5.0
276,0.0013828939,0.0061707576,0.99244636,0.9910634690895676,Amazing earring! I wear it every day üòç thank you so much,5.0,5.0
277,0.0015526327,0.009532737,0.98891467,0.9873620358994232,"Fast Shipping, well packed, and beautiful earrings , I love it!",5.0,5.0
278,0.0037213187,0.054248724,0.94202995,0.9383086343295872,I thought they would be bigger but the size are nice. Wear them everyday,4.0,5.0
279,0.0014028448,0.005519649,0.9930775,0.9916746717644856,So pretty so happy with my purchase! Even better in person,5.0,5.0
280,0.002656709,0.02521839,0.97212493,0.9694682252593338,So far so good,5.0,5.0
281,0.0011469504,0.0068543833,0.99199873,0.9908517816802488,"These are beautiful, quality made earrings that sparkle like superior diamonds, and I'm very happy with them. Super quick delivery as well.",5.0,5.0
283,0.001453474,0.0070943153,0.9914522,0.989998743054457,"Beautiful earrings,liked it so much.Received it so quickly and thank you for a note",5.0,5.0
284,0.00245546,0.013867687,0.9836768,0.98122133128345,"Beautiful, super sparkly look better in real life. Fast shipping beautifully wrapped. Glad I got the 7mm as usually quite conservative but these are bling without being OTT! Very pretty.",5.0,5.0
285,0.0018656356,0.028457342,0.96967703,0.9678113954141736,"Thank you for my purchase. I also purchased it to be gift wrapped for a birthday present next week! So once I have seen the item I shall right another review, but for now thank you for the prompt service and it is gift wrapped beautifully.",5.0,5.0
286,0.0015526661,0.00878443,0.9896628,0.9881101599894464,The ear nails are superb.  I am very satisfied with my purchase.  I highly recommend this site.,5.0,5.0
287,0.2395022,0.5281888,0.232309,0.947756722352071,,5.0,5.0
288,0.2395022,0.5281888,0.232309,0.947756722352071,,5.0,5.0
289,0.2395022,0.5281888,0.232309,0.947756722352071,,5.0,5.0
290,0.2395022,0.5281888,0.232309,0.947756722352071,,5.0,5.0
291,0.2395022,0.5281888,0.232309,0.947756722352071,,5.0,5.0
292,0.2395022,0.5281888,0.232309,0.947756722352071,,5.0,5.0
293,0.2395022,0.5281888,0.232309,0.947756722352071,,5.0,5.0
294,0.2395022,0.5281888,0.232309,0.947756722352071,,5.0,5.0
295,0.2395022,0.5281888,0.232309,0.947756722352071,,5.0,5.0
296,0.2395022,0.5281888,0.232309,0.947756722352071,,5.0,5.0
297,0.0018328195,0.010911576,0.9872556,0.9854227537289262,The earrings are very beautiful I bought the 7mm and I love them. Personally I think I should've chosen the 8mm but Im still very satisfied with the 7mm.,5.0,5.0
298,0.0015254874,0.01763766,0.9808368,0.9793113212799652,Nice earrings with a good amount of shine.  Great price and good quality.  I like the multiple backings as well as the lower profile especially for the larger sizes.,5.0,5.0
299,0.0011898108,0.009245777,0.9895644,0.9883746079867706,Earrings are as described. Very sparkly. My mom adores them,5.0,5.0
300,0.0017470843,0.008268663,0.9899843,0.9882371895946562,These studs are so beautiful!,5.0,5.0
301,0.0014162321,0.0048145927,0.9937691,0.9923528771614656,"I love these beautiful earings,had bought a pair for a friend back in May and loved them so much that I asked my husband to buy them for my birthday last week.I'm so glad I did,they look great and delivery was so speedy,many thanks .",5.0,5.0
302,0.0013121184,0.007348814,0.991339,0.9900269095087424,They look just as shiny as they do in the pictures! The quality feels great and I really like having more than 1 backing. For the price these are so worth it!,5.0,5.0
303,0.0018919244,0.01285466,0.9852534,0.9833614692324772,"The quality of the item is perfect, so shiny!",5.0,5.0
304,0.0019987111,0.024503391,0.97349787,0.9714991564396768,Perfect for my wife. Brownie points for me!,5.0,5.0
305,0.0024910439,0.012219849,0.98528916,0.9827981125563384,They are gorgeous üòçüòçüòç,5.0,5.0
306,0.0027965596,0.02290178,0.9743017,0.9715051362290978,Gorgeous!,5.0,5.0
307,0.0020238876,0.023916041,0.97406006,0.9720361710060388,"All the best.
My wife was very happy.",5.0,5.0
308,0.0015025011,0.0065458505,0.9919517,0.990449202945456,"I love my wonderful ear fleas
They are super bright
Nice box to store them
William is super helpful
ü•∞ I highly recommend this shop
Suzanne weydert",5.0,5.0
309,0.7077699,0.27055323,0.02167687,-0.6860930006951094,Not what I was I expected,1.0,2.5
310,0.2395022,0.5281888,0.232309,0.947756722352071,,5.0,5.0
311,0.2395022,0.5281888,0.232309,0.947756722352071,,5.0,5.0
312,0.2395022,0.5281888,0.232309,0.947756722352071,,5.0,5.0
313,0.2395022,0.5281888,0.232309,0.947756722352071,,5.0,5.0
314,0.2395022,0.5281888,0.232309,0.6078650839227971,,4.0,4.0
315,0.2395022,0.5281888,0.232309,0.947756722352071,,5.0,5.0
316,0.2395022,0.5281888,0.232309,0.947756722352071,,5.0,5.0
317,0.2395022,0.5281888,0.232309,0.947756722352071,,5.0,5.0
318,0.0016805937,0.0064733834,0.991846,0.990165431285277,Love these earrings. Lots of life and they sparkle like crazy. Well worth the price and the wait from overseas shipping. Thanks so much!!!,5.0,5.0
319,0.0011941541,0.0056578475,0.993148,0.9919538747053592,"Stunning, perfect gift for my bridesmaids. So elegant and beautifully made. Can‚Äôt wait to gift them next weekend!",5.0,5.0
320,0.002330947,0.012533719,0.9851354,0.9828044294845312,"I love these, low profile. Just what I wanted",5.0,5.0
321,0.0018636276,0.006813818,0.9913225,0.9894588898168876,love them so much ordered a second pair for a gift. great quality every time!,5.0,5.0
322,0.039543945,0.31041634,0.65003973,0.610495787113905,Perfect quality as expected from order,4.0,4.0
323,0.001871188,0.0077821324,0.9903467,0.988475541700609,I ordered both the half carat and full carat sizes. They are SO shiny and sparkly. The setting helps the earring sit more flush against the earlobe. I get tons of compliments on them they are absolutely stunning. Backs hold well and haven't slipped. Feel very confident that I won't lose them. I am literally obsessed !,5.0,5.0
324,0.0019014827,0.01120536,0.9868932,0.9849916943348944,My great niece loved them. Thank you,5.0,5.0
325,0.0018962492,0.016820526,0.98128325,0.9793869982240722,Nice earrings and packaging. Thank you,5.0,5.0
326,0.0024206345,0.035872295,0.96170706,0.959286421071738,"Shiny and beautiful, and delivery was quick.",5.0,5.0
327,0.001726154,0.010812828,0.98746103,0.9857348764780908,"So pretty. Better than they look online. Very sparkly, and very comfortable.",5.0,5.0
328,0.2395022,0.5281888,0.232309,0.947756722352071,,5.0,5.0
329,0.2395022,0.5281888,0.232309,0.947756722352071,,5.0,5.0
330,0.2395022,0.5281888,0.232309,0.947756722352071,,5.0,5.0
331,0.2395022,0.5281888,0.232309,0.947756722352071,,5.0,5.0
332,0.2395022,0.5281888,0.232309,0.947756722352071,,5.0,5.0
333,0.2395022,0.5281888,0.232309,0.947756722352071,,5.0,5.0
334,0.2395022,0.5281888,0.232309,0.947756722352071,,5.0,5.0
335,0.2395022,0.5281888,0.232309,0.964415755547146,,5.0,1.0
336,0.2395022,0.5281888,0.232309,0.947756722352071,,5.0,5.0
337,0.2395022,0.5281888,0.232309,0.947756722352071,,5.0,5.0
338,0.2395022,0.5281888,0.232309,0.947756722352071,,5.0,5.0
339,0.2395022,0.5281888,0.232309,0.947756722352071,,5.0,5.0
340,0.2395022,0.5281888,0.232309,0.6037003256240284,,4.0,5.0
341,0.008912203,0.15087634,0.84021145,0.8312992481514812,Exactly what I wanted and arrived very quickly.,5.0,5.0
342,0.0016233444,0.006429171,0.9919475,0.9903241277206688,Beautiful as always--I own many pieces from this shop and love them all!,5.0,5.0
343,0.0012419419,0.006533907,0.9922241,0.990982155315578,"I bought these beautiful stud earings for a friends birthday and was so happy with them,they exceeded my expectations,and my fiend loved them.Many thanks for gorgeous earings and speedy delivery.",5.0,5.0
344,0.0022303553,0.062773354,0.93499625,0.9327658920083196,Quick delivery- lovely quality earrings,5.0,5.0
345,0.0014382944,0.0073199165,0.9912418,0.9898035182850436,Very beautiful and shiny. I am pleased,5.0,5.0
346,0.0034815264,0.017074747,0.97944367,0.9759621429257096,Love itü§©,5.0,5.0
347,0.0013786214,0.01315582,0.9854655,0.9840869051404296,Very beautiful and lighter on my ear than expected!,5.0,5.0
348,0.0015854675,0.008180227,0.9902344,0.988648907514289,Perfect! Lovely item! Great seller!,5.0,5.0
349,0.0023989042,0.010397717,0.9872034,0.9848045150283724,Love the ear rings‚Ä¶..couldn‚Äôt be happier‚Ä¶‚Ä¶,5.0,5.0
350,0.006631933,0.06730776,0.9260603,0.9194283857941628,Beautiful. Just as pictured.,5.0,5.0
351,0.0020616374,0.011248254,0.98669004,0.9846284070517868,"Excellent earrings! They are more brilliant than the photos.
These beauties go beyond expectation!",5.0,5.0
352,0.0026175757,0.025913581,0.9714688,0.9688512305729092,"Beautiful earrings, and lightning fast shipping.
Thanks.",5.0,5.0
353,0.0030750968,0.01936002,0.9775648,0.9744897149503232,"the pieces look beautiful, the backings are quality. the delivery was prompt.",5.0,5.0
354,0.002081552,0.025606811,0.9723116,0.9702300638891757,"great quality, looks great in light and shines bright",5.0,5.0
355,0.00185193,0.00496934,0.9931787,0.9913267951924354,"Insanely beautiful earrings. I am thrilled and impressed and totally happy!!!! Many, many thanks to this great seller!!!",5.0,5.0
356,0.2395022,0.5281888,0.232309,0.947756722352071,,5.0,5.0
357,0.2395022,0.5281888,0.232309,0.947756722352071,,5.0,5.0
358,0.2395022,0.5281888,0.232309,0.947756722352071,,5.0,5.0
359,0.2395022,0.5281888,0.232309,0.947756722352071,,5.0,5.0
360,0.2395022,0.5281888,0.232309,0.947756722352071,,5.0,5.0
361,0.2395022,0.5281888,0.232309,0.947756722352071,,5.0,5.0
362,0.2395022,0.5281888,0.232309,0.947756722352071,,5.0,5.0
363,0.2395022,0.5281888,0.232309,0.947756722352071,,5.0,5.0
364,0.2395022,0.5281888,0.232309,0.947756722352071,,5.0,5.0
365,0.0016480708,0.0050586285,0.9932933,0.9916452146135272,The earring are absolutely wonderful! They sparkle so beautifully. I'm very happy with the quality and the design and definitely recommend this seller. Thank you very much‚ù§Ô∏è,5.0,5.0
366,0.0014082611,0.012919086,0.9856727,0.984264451195486,"absolutely love these earrings, will definitely purchase from seller again!",5.0,5.0
367,0.0014185737,0.015548296,0.9830331,0.981614546966739,very pleased with my order üòÅ,5.0,5.0
368,0.0025839428,0.024035608,0.9733804,0.9707964439876378,Very good quality and presented very well!,5.0,5.0
369,0.0015047463,0.012911746,0.98558354,0.9840787975117564,Stunning earrings. The 1 carat was the perfect size for me and the sparkle is exquisite! Shipping was fast for traveling such a long way and seller responded to my questions extremely fast. You won‚Äôt be disappointed if u buy theseüíïüíñ,5.0,5.0
370,0.0023785052,0.013861287,0.98376024,0.9813817325048148,"amazing quality, item was perfect :)",5.0,5.0
371,0.0024403792,0.013657027,0.98390263,0.9814622539561242,I finally go the earrings after a month - delay was here . The shop owner adviced me how to follow up locally. The earrings are lovely - thank you so much !,5.0,5.0
372,0.0030002994,0.028651323,0.9683483,0.965348024852574,"Beautiful, exactly what I was looking for.",5.0,5.0
373,0.0013894814,0.010286013,0.9883245,0.9869350416120142,These are so lovely & the sparkle brightly üòç,5.0,5.0
374,0.0018760493,0.014133694,0.9839902,0.9821141430875286,"Excellent delivery, purchased for daughter's birthday she loves them",5.0,5.0
375,0.0027345957,0.01590932,0.981356,0.9786214290652424,great üëç fast shipping and nice quality!!,5.0,5.0
376,0.0017204138,0.0053241146,0.99295545,0.9912350324448198,These studs are absolutely amazing and beautiful. I love them. I'm glad I made the purchase. I will order from this vendor again!!! I highly recommend this item.,5.0,5.0
377,0.001510754,0.012175882,0.98631334,0.984802589053288,"Beautiful, very comfortable, and the perfect size!",5.0,5.0
378,0.0012057233,0.009304047,0.9894902,0.9882844877429308,"Very pretty and shiny studs!! The sparkles are slightly blueish under sunlight. Totally worth of the price! Also, the bases of the earrings are really well made.",5.0,5.0
379,0.2395022,0.5281888,0.232309,0.947756722352071,,5.0,5.0
380,0.2395022,0.5281888,0.232309,0.947756722352071,,5.0,5.0
381,0.2395022,0.5281888,0.232309,0.947756722352071,,5.0,5.0
382,0.2395022,0.5281888,0.232309,0.947756722352071,,5.0,5.0
383,0.2395022,0.5281888,0.232309,0.947756722352071,,5.0,5.0
384,0.2395022,0.5281888,0.232309,0.947756722352071,,5.0,5.0
385,0.2395022,0.5281888,0.232309,0.6078650839227971,,4.0,4.0
386,0.2395022,0.5281888,0.232309,0.947756722352071,,5.0,5.0
387,0.2395022,0.5281888,0.232309,0.947756722352071,,5.0,5.0
388,0.006772675,0.050542902,0.94268435,0.935911677312106,Absolutely beautiful.,5.0,5.0
389,0.001129665,0.009078364,0.989792,0.9886623243801296,Great sparkle - happy with my purchase!,5.0,5.0
390,0.52163744,0.32980502,0.14855751,-0.3730799257755279,"Very disappointed the gems didn‚Äôt shine like they said and the pointy bit that goes in your ear one was bigger than the other.

UPDATE.......
I have been fully refunded after a conversation with the owner and I would recommend you try these as I think I was just unlucky.
this is a small business with good customer service.",4.0,4.0
391,0.0016084322,0.009793298,0.9885982,0.9869897953467444,Great quality!  My daughter loved the earrings!!,5.0,5.0
392,0.0012279198,0.007905645,0.9908664,0.9896385028259828,1-carat earrings arrived 4 weeks after ordering.  They are beautiful and of obvious high quality.  My wife has many pairs of nice earrings and she has worn these every day for the past 10 days.  I am very pleased with the purchase.,5.0,5.0
393,0.0020531646,0.012196467,0.9857503,0.9836971529293804,"Love them so much, bought a pair for myself.",5.0,5.0
394,0.0020196713,0.0064016967,0.9915786,0.9895589076913892,Love! Love! Love! Beautiful and nice quality.,5.0,5.0
395,0.0013687891,0.015775114,0.9828561,0.981487305718474,Stunning. I've bought these for myself and to give as presents. I would have loved even more if set in 18k white sustainable gold (maybe a suggestion for the Shiny Jungle team!),5.0,5.0
396,0.022807242,0.045803543,0.9313892,0.9085819702595472,"I accidentally ordered the wrong size and they were able to quickly cancel my order so I could reorder the correct size! They are stunning - low baskets so they are easy to wear. Bright and shiny, catch the light perfectly. Absolutely love them!",5.0,5.0
397,0.020428812,0.07048068,0.9090905,0.8886617068201303,"I had a really hard time to get the earrings due to the lack of Royal Mail‚Äôs professionalism. But my case was an exception. Finally got them thanks to the seller who had amazing communication skills. He was always keeping me in touch with my order and my delivery issues were finally resolved. Despite this long journey, I won‚Äôt hesitate to buy from the shop again. Quality is top notch, sizing is perfect and came wrapped in a very cutie bag ! Nothing more to say, the jewelry speaks for itself !",5.0,2.0
398,0.003064816,0.02899562,0.9679396,0.9648747993633152,"Great purchase, good qualty.  Will buy again.",5.0,5.0
399,0.143787,0.34894162,0.50727135,0.3634843528270721,"Better than expected, would buy again !
A picture does not do justice to the ear rings, must see in real time to be fair !",3.0,2.5
400,0.004451391,0.12216892,0.87337965,0.8689282569102943,Nice earrings,5.0,5.0
401,0.00741183,0.030532446,0.9620557,0.9546438530087472,Was slightly sceptical about these earrings but how wrong I was!! They arrived neatly wrapped and in a proper box. They are fantastic and look as good as my real diamond earrings. Will definitely look at the other jewellery that this company produces.,5.0,5.0
402,0.0012853037,0.009887535,0.9888271,0.9875418056035414,"Beautiful earrings, thank you!",5.0,5.0
403,0.85844517,0.12759992,0.013954884,-0.8444902831688523,"I am not happy about this order or shop. It‚Äôs a London shop, and I checked the return policy before I purchased and it does not say ANYWHERE that earrings are not returnable. If earrings are considered ‚Äúintimate‚Äù, then state that in your policy. I just ordered my daughter earrings from another American shop and we had to return them due to size and the shop owner was very quick to refund our money once they got the items back.

We are not professional jewelers, and it‚Äôs hard to determine sizes from ‚Äúmm‚Äù and carats on a picture with a fake ear. Had it been clear that earrings would not be returnable I would never have ordered from this shop.

Lesson learned for me: no more overseas orders!",1.0,1.0
404,0.5720148,0.34282732,0.08515787,-0.4868569374084472,I read the reviews before I ordered these earrings. When I received them they look very inexpensive like colored glass.  Now I‚Äôm stuck with them. No returns or refunds or any credit.,2.0,2.5
405,0.2395022,0.5281888,0.232309,0.9519214806508396,,5.0,4.0
406,0.2395022,0.5281888,0.232309,0.947756722352071,,5.0,5.0
407,0.2395022,0.5281888,0.232309,0.947756722352071,,5.0,5.0
408,0.2395022,0.5281888,0.232309,0.947756722352071,,5.0,5.0
409,0.03209492,0.11556324,0.8523419,0.82024697214365,"Amazing customer service, I received constant updates when the item was delayed (no fault of the vendor). Quality product too.",5.0,5.0
410,0.0054167886,0.036643643,0.95793957,0.95252277655527,"Beautiful, perfect",5.0,5.0
411,0.0019395868,0.026647909,0.9714125,0.9694728930480778,Beautiful! Will tell my friends.,5.0,5.0
412,0.0011280169,0.0069207624,0.9919512,0.990823210333474,"I‚Äôve bought these earrings twice as gifts and both recipients were really delighted.
They are beautiful and so sparkly! 
Thank you üôèüòä",5.0,5.0
413,0.0014951761,0.01361918,0.98488563,0.9833904568804428,Bought for a friend at Christmas. Just beautiful and kept updated by seller. Would use this seller again. Thank you,5.0,5.0
414,0.0018937375,0.00586336,0.9922429,0.9903491352451964,"Sooo shiny!! 
Loved loved it and I was afraid the 7 would be too big but I‚Äôm very happy with it! The box it came in is absolutely beautiful and extenuates the beauty of the stones. Many thanks!",5.0,5.0
415,0.0013593658,0.014721783,0.9839189,0.9825595394941048,Very happy‚ò∫Ô∏è,5.0,5.0
416,0.0018448421,0.019121502,0.97903365,0.977188806864433,Beautifully packaged and beautiful earrings. Highly recommend,5.0,5.0
417,0.0012793507,0.009692925,0.98902774,0.9877483878517525,"Christmas gift for a family member and they loved it, thanks again!",5.0,5.0
418,0.0048225927,0.01688849,0.9782889,0.9734662962146104,"Fantastic and sparkly Christmas gift for my girlfriend. She absolutely loves them. 

After expressing some concerns about the speed of their arrival the seller tracked them himself and notified me when they left the airport for delivery in my country. Great service. Great product. Cheers.",5.0,5.0
419,0.0017286823,0.014236211,0.98403513,0.9823064520023764,Amazing item highly recommend and very comfortable,5.0,5.0
420,0.0019309046,0.010426503,0.98764265,0.9857117412611842,"Beautiful and sparkly, always receive compliments on these from everyone. Love them and never want to be without them.",5.0,5.0
421,0.06612274,0.23390606,0.69997126,0.6338485181331635,"Great earrings that look elegant, don‚Äôt fall out, and managed to stay in after falling halfway down a tall rock climbing wall. I lost my first pair when I fell and my belay partner didn‚Äôt have me secured so I smacked the rock and knocked my earring out. Happy that this one managed to stay in after I banged into some heavy rocks again.",5.0,5.0
422,0.0051770164,0.027319403,0.96750355,0.9623265312984586,"These 1ct earrings are lovely and great value for money. Might get the .5ct for everyday wear as the 1ct looks bigger on my ear lobes than I expected. 
The prong on the back is quite long and I did worry I would feel that but so far I haven‚Äôt noticed when they are on. 
No allergic reaction to the metals either, so I can wear these all day without feeling sore. 
Item arrived much quicker than expected. Many thanks.",5.0,5.0
423,0.0015377821,0.0077476082,0.99071455,0.9891767678782344,"Came on time, and looks really lovely. Also love the pretty jewel box it came in",5.0,5.0
424,0.004283113,0.036422312,0.95929456,0.955011444631964,"quite lovely, wish back stud was larger, but regardless enjoy wearing",5.0,5.0
425,0.0011640487,0.006992103,0.9918439,0.9906798305455596,I really love the earrings.  Gave them as a Christmas present and they were much admired,5.0,5.0
426,0.007004213,0.05013412,0.9428616,0.9358574035577476,Great quality and great service,5.0,5.0
427,0.0012579518,0.012973595,0.9857685,0.9845105451531708,"Amazing fast delivery from London to Washington state. The small earrings ordered are stunning, very sparkly. 
I highly recommend the jeweler.",5.0,5.0
428,0.0017391564,0.005649419,0.99261147,0.9908723114058376,These earrings are absolutely gorgeous. I love them. Will be buying more. Thank you!,5.0,5.0
429,0.0017402084,0.010778981,0.9874808,0.9857406108640134,"Got a quick thank you email, was shipped out the same day. Arrived at the specified date, and above all else my wife absolutely loved them. Great experience great quality earrings",5.0,5.0
430,0.0009837103,0.007199552,0.9918167,0.9908329892205074,My partner loves these earrings. They are  just the right size with lots of sparkle and a diamond in each. She is very pleased with her gift,5.0,5.0
431,0.2395022,0.5281888,0.232309,0.947756722352071,,5.0,5.0
432,0.2395022,0.5281888,0.232309,0.947756722352071,,5.0,5.0
433,0.0012661105,0.006815166,0.99191874,0.9906526322010905,"Absolutely gorgeous!  My earrings added a sparkle and elegance to my holiday outfits.  
I am looking forward to wearing them for many special occasions in the near and distant future!",5.0,5.0
434,0.0026191387,0.045976263,0.95140463,0.9487854924518616,Great quality and arrived in plenty of time before Christmas,5.0,5.0
435,0.0015580984,0.005505037,0.9929369,0.9913788108387962,Beautiful earrings. Bought them as a Christmas present and my mam loves them. Arrived quickly and beautifully wrapped. Thank you so much,5.0,5.0
436,0.0011955142,0.01118643,0.9876181,0.986422574496828,These earrings are beautiful. They are my go to earrings because they are classic and can be worn with anything.,5.0,5.0
437,0.0018419343,0.006898778,0.9912593,0.9894173425855116,These are stunning!!! Love them :)))),5.0,5.0
438,0.0012168424,0.006062186,0.9927209,0.9915040595224128,"Beautiful earrings, very happy with my purchase. Thank you!",5.0,5.0
439,0.0015725383,0.008625629,0.9898018,0.9882292858092114,The earrings are beautiful thank you,5.0,5.0
440,0.0016635902,0.011075519,0.98726094,0.9855973474914208,I Love my earrings exactly what I wanted beautiful on. Thank You.,5.0,5.0
441,0.0020380702,0.01780368,0.98015827,0.9781201991718262,They are very nice looking.,5.0,5.0
442,0.0016472683,0.0060741366,0.9922786,0.9906313075916842,"Wow, so much prettier in person! Great quality and fast shipping. I also love the fact they come with different backings to pick from as well. Thank you!",5.0,5.0
443,0.0010928106,0.008110596,0.99079657,0.9897037553600968,These earring are beautiful! They sparkle brighten up one‚Äôs face. I highly recommend them.,5.0,5.0
444,0.007904763,0.08361333,0.90848196,0.9005771921947598,"8MM
Great Look, just what I was looking for, Description was correct
 arrived on time, I was surprised since it comes from London (GB)
 I will Defiantly be buying from Shiny Jungle Jewellery again",5.0,5.0
445,0.001177096,0.0060007283,0.99282223,0.9916451338212936,"These earrings are beautiful! I bought them as a Christmas gift, but now I might have to buy them for myself too! Shipping was also very quick considering it was out of the country! Very pleased overall üòä",5.0,5.0
446,0.0027595244,0.018400492,0.97884,0.9760804690886288,Great quality and beautiful.I will recomend it,5.0,5.0
447,0.0036398293,0.03840738,0.9579528,0.9543129680678248,"The service and help i received in ordering the items i was after was second to none very helpful and will shop here again 
Regards Edwin",5.0,5.0
448,0.0015175149,0.0061164573,0.992366,0.9908485009800644,"Today I received the long-awaited parcel!!! Hurrah! The packaging is 10 points, and the earrings are lovely. My expectations were fully met!!! Thank you so much for your feedback and help in tracking your trip. Recommend!",5.0,5.0
449,0.0009143999,0.008833524,0.99025214,0.9893377372645772,Super nice earrings. They sparkle properly when light shines on them ü§©,5.0,5.0
450,0.9027079,0.08781843,0.009473705,-0.8932341700419784,"Earrings look like cut glass. Owner doesn‚Äôt accept responsibility. The return ,paid by me, and has so many exceptions for return plus if it gets lost or the return isn‚Äôt in perfect condition, no refund. What ever happened to customer satisfaction? If I‚Äôm not happy with the cut glass earrings, shouldn‚Äôt that be enough? Beware..too hard to return.",1.0,2.5
451,0.2395022,0.5281888,0.232309,0.947756722352071,,5.0,5.0
452,0.2395022,0.5281888,0.232309,0.947756722352071,,5.0,5.0
453,0.0838509,0.48581153,0.43033758,0.3464866802096367,"Quality excellent. Item matched description but I should have brought the larger size which I intend to do.
Item smaller than expected.",3.0,2.5
454,0.001885218,0.0207818,0.97733295,0.9754477316746488,I like them it's a good gift to choose,5.0,5.0
455,0.006737042,0.06648043,0.92678255,0.9200455062091352,Beautiful,5.0,5.0
456,0.0020481877,0.008825461,0.9891263,0.9870781369972974,These are beautiful and perfect!  I have extremely sensitive ears and these haven‚Äôt hurt them!  Thank you!  Oh and such fast shipping from London to California!!,5.0,5.0
457,0.0012962251,0.008862545,0.98984116,0.9885449380381032,Purchased for an Xmas pressie for my wife so she hasn‚Äôt seen them yet but I‚Äôm sure she will love them. Appear well made and very sparkly when catching the light and the 0.5 size will be perfect for going out or everyday wear. Like the extra back options as well nice little touch. Very pleased with my purchase.,5.0,5.0
458,0.0014439218,0.007194104,0.99136204,0.9899181134533136,So Beautiful and arrived in a lovely box. Will shop this store again. Thank you,5.0,5.0
459,0.0013608139,0.014027225,0.9846119,0.98325111460872,Beautiful as always. This is the third pair I have ordered as a gift,5.0,5.0
460,0.0016277331,0.006408257,0.991964,0.990336249466054,These earrings are a gift and I am absolutely delighted with them they are stunning and as advertised.,5.0,5.0
461,0.0016976064,0.012225282,0.9860771,0.9843794638291,"So shiny and elegant, perfect size! Looks super glamorous while not looking over the top or cheap",5.0,5.0
462,0.001150511,0.0062998743,0.99254954,0.99139902764,"Beautiful earrings bought as an early Christmas present for my wife & she loved them. Amazing sparkle and the extra backs were a welcome inclusion. Thanks very much, would highly recommend!",5.0,5.0
463,0.054816607,0.2923934,0.65279,0.5979734025895596,"Beautiful piece. I would only suggest that the seller specifies right away that these are man made diamonds. I know that the price is a dead giveaway, but I think having the right description from the beginning would be better.",5.0,5.0
464,0.0018080091,0.010492173,0.98769987,0.9858918571844696,Beautiful! Well made  - look stunning. - would definitely recommend,5.0,5.0
465,0.0021183197,0.014048305,0.9838334,0.9817150528542696,"very sparkly ,I love them",5.0,5.0
466,0.0047650654,0.036120635,0.95911425,0.9543491881340742,These pretty earring arrived very quickly. Look more expensive than they are which makes one feel good.,5.0,5.0
467,0.0018341648,0.011518334,0.9866475,0.9848133218474686,Beautiful earrings!  Well-made.  Shine is brilliant!,5.0,5.0
468,0.0020895775,0.015634602,0.98227584,0.9801862661261111,"Quality is excellent, a beautiful pair of earrings.",5.0,5.0
469,0.0013577921,0.0075261584,0.99111605,0.989758254843764,"Lovely earrings, the recipient was very pleased.
Speedy delivery too. Thank you",5.0,5.0
470,0.8656443,0.12164734,0.012708453,-0.8529358226805925,"The quality of the item, disappointing at best.
I wish to return for a full refund, as soon as possible.
Please advise.
E. See",1.0,2.5
471,0.2395022,0.5281888,0.232309,0.947756722352071,,5.0,5.0
472,0.2395022,0.5281888,0.232309,0.9519214806508396,,5.0,4.0
473,0.0012625833,0.012833184,0.9859043,0.9846416930668056,Really happy with my purchase,5.0,5.0
474,0.0011780529,0.011352412,0.98746955,0.9862915010889992,Gorgeous pair of studs! Bought the 7mm. Perfect size!,5.0,5.0
475,0.0017687919,0.016611805,0.98161936,0.9798505661310628,I have purchased a few times form this seller.  The jewellery is exquisite.  Highly recommend!,5.0,5.0
476,0.0027152163,0.029352639,0.9679321,0.965216888813302,Superb quality and brilliance. A lifelong treasure.,5.0,5.0
477,0.0014420232,0.008982764,0.9895752,0.9881331840297208,Beautiful....very sparkly.  I am enjoying these earrings,5.0,5.0
478,0.0014329205,0.007149471,0.9914175,0.9899846067419276,"Beautiful earrings. My sister was over the moon with her gift. 
Thank you so much.",5.0,5.0
479,0.0014082568,0.008883938,0.9897078,0.9882995707448572,So sparkly and shipped to the US so quickly from the UK. Thank you!,5.0,5.0
480,0.0016921714,0.0058941445,0.9924137,0.9907215281855316,These earrings are gorgeous and soooo sparkly!  I love them!,5.0,5.0
481,0.0020110402,0.037793554,0.9601954,0.9581843819469212,"Beautiful simulated diamond earrings , might have to buy another pair haha",5.0,5.0
482,0.15110135,0.30353695,0.54536176,0.3942604064941406,"Due to Covid 19, the parcel was delayed bur I received it today. I am not happy I am ecstatic, over the moon and more than that. I received my earrings man made Diamond stud. As a Certified Diamond Grader from G.I.A. of America, I could not believe the loveliness of those studs. They have a beautiful color which is colorless with sparkles of red. Ladies you will impress with them on your ears but do not forget to clean them to avoid it to become dull like the real diamond, a must.",3.0,2.5
483,0.0015388576,0.015486274,0.9829748,0.981435969704762,"Lovely earrings, prompt delivery and beautifully packaged",5.0,5.0
484,0.002362369,0.012076703,0.98556095,0.983198584523052,Stunning quality. Very very impressed. Would thoroughly recommend. Less than 24 hours between order and arrival at my door. Great service.,5.0,5.0
485,0.0014566593,0.0130818635,0.9854615,0.9840048141777517,Earrings are beautiful!,4.0,5.0
487,0.0011524854,0.008786686,0.9900608,0.98890832089819,Received my order very quickly.  This is the third pair of stud earrings I have ordered from this seller and they make excellent gifts.  Stunning earrings presented beautifully in a lovely box with a choice of earring backs.  Highly recommended.,5.0,5.0
488,0.001464347,0.017453736,0.98108196,0.9796176155796276,Gorgeous! Wear them all the time. Just as pictured.,5.0,5.0
489,0.0013672689,0.009864804,0.9887679,0.9874006530735642,"Perfect everyday earrings, exactly as described! I bought as Birthday gifts for family members and they all loved them. Well made with sparkly stones, expensive looking. I tried a lot of other stud earrings in the past and these ones look the best and do not irritate. I like them have white gold plated over stamped 925 silver, also come in a beautiful box, with additional backings and nicely hand wrapped. Thank you!",5.0,5.0
490,0.0023136877,0.026430462,0.9712559,0.9689422107767314,Excellent quality and very happy with purchase.,5.0,5.0
491,0.91408885,0.076149486,0.009761701,-0.9043271439149976,I was very Disappointed when I received my earrings they are nothing like they are shown on the website am I also received two different fax to my errands that were supposed to be screwed him back‚Äôs but one was a regular one and one had the plastic with it I would not suggest is to anyone I am extremely disappointed and upset because I was looking so forward to receiving these,2.0,3.0
492,0.6061412,0.30210882,0.09174995,-0.5143912583589554,Very beautiful but I was under the impression that they were at least sterling silver. But my boyfriend had a bad reaction allergic reaction to the jewelry that I now know is fake.,2.0,5.0
493,0.2395022,0.5281888,0.232309,0.947756722352071,,5.0,5.0
494,0.2395022,0.5281888,0.232309,0.947756722352071,,5.0,5.0
495,0.2395022,0.5281888,0.232309,0.947756722352071,,5.0,5.0
496,0.01661964,0.050423045,0.9329573,0.9163376521319152,"Beautiful earrings that look exactly like my diamond ring, arrived quickly and in a lovely little box. Gutted to have accidentally dropped one down the sink, hopefully I can get it back or I will have to buy another pair! Would recommend though üëçüèª",5.0,5.0
497,0.0015142278,0.006374955,0.9921108,0.9905965609941632,Gorgeous gorgeous gorgeous! I bought this pair and a size bigger because I have two holes. I feel like a million bucks wearing them! Stunning :),5.0,5.0
498,0.0014722105,0.00646102,0.99206674,0.99059453047812,Absolutely gorgeous and they arrived packed in such a lovely box! Shipping was quicker than I thought as well. Definitely one of my favorite purchases and by far my favorite earrings :),5.0,5.0
499,0.0015819895,0.0068496424,0.9915684,0.989986397093162,"Love, love, love these earrings‚Ä¶
So so pretty with a beautiful shine..
I had the small size first  now have the medium..
These are the nicest earrings I have",5.0,5.0
500,0.001002802,0.01243809,0.98655915,0.9855563505552708,Love the sparkle it gives when hit by light! :),5.0,5.0
501,0.00207175,0.011050253,0.986878,0.9848062279634178,Earrings were beautiful..just as described..excellent service,5.0,5.0
502,0.0013701707,0.011477039,0.98715276,0.9857825845247136,"Fast delivery and well packaged. Lovely earrings, thank you!",5.0,5.0
503,0.0017731725,0.006638154,0.99158865,0.9898154796101152,"Absolutely loved these! They are stunning and really comfortable. I have SUPER sensitive ears but I‚Äôve been wearing these since they arrived last week ( much earlier than expected) and my ears have shown zero irritation. They are so easy to wear and I‚Äôve had so many compliments about them. Great purchase, speedy delivery, would definitely recommend!",5.0,5.0
504,0.0013772256,0.008776587,0.98984617,0.9884689443279058,"Lovely earrings, lovely purchase experience. Five stars!",5.0,5.0
505,0.0021411092,0.011192397,0.9866665,0.9845253913663328,"Beautiful, can't wait to wear them",5.0,5.0
506,0.0011755466,0.011358329,0.98746616,0.9862906099297106,I got the 0.5 and they are so pretty! Small enough for every day use!,5.0,5.0
507,0.0030825585,0.08210484,0.91481256,0.9117300063371658,"smooth transaction, fast delivery, fabulous earrings",5.0,5.0
508,0.0023685321,0.06638937,0.93124205,0.9288735166192056,"smooth transaction, fast delivery, beautiful earrings",5.0,5.0
509,0.0048519163,0.047788177,0.9473599,0.9425080032087862,"great quality and excellent price, item just as described.",5.0,5.0
510,0.002407004,0.015162076,0.9824309,0.9800238714087754,I am in love with these earrings,5.0,5.0
511,0.2015975,0.35730907,0.44109347,0.2394959777593612,"The earrings are very nice. Unfortunately, they arrived late, as they were lost on the way to Germany. The seller always informed me and I did not have the feeling for a moment that I was left alone with the problem. When it was clear that the earrings were gone, he sent a new pair at his own expense, which were then delivered quickly. Thanks.",5.0,5.0
512,0.76968485,0.20750737,0.022807857,-0.7468769941478968,"Just got all the stones tested, not simulated diamond like stated. Super disappointed.

Edit: Seller reached out to me to explain that the simulated diamonds = CZ in most cases. Upped the rating bc they took the time to reach out. I'd recommend they change the info from simulated to CZ.",3.0,5.0
513,0.2395022,0.5281888,0.232309,0.2638086871947546,,3.0,4.0
514,0.2395022,0.5281888,0.232309,0.947756722352071,,5.0,5.0
515,0.2395022,0.5281888,0.232309,0.9519214806508396,,5.0,4.0
516,0.2395022,0.5281888,0.232309,0.947756722352071,,5.0,5.0
517,0.2395022,0.5281888,0.232309,0.6120298422215659,,4.0,3.0
518,0.0016254167,0.019424701,0.9789499,0.9773244877578692,Really pretty!,5.0,5.0
519,0.0013888362,0.0135599375,0.9850513,0.9836624381132424,Beautiful little earrings. Bought for my daughter. Just what I was looking for.,5.0,5.0
520,0.0018758009,0.014060733,0.9840635,0.9821877052308992,Lovely size. Very comfortable.,5.0,5.0
521,0.0024232476,0.01727377,0.98030305,0.9778798015322536,Beautiful my grandaught will love them üòä,5.0,5.0
522,0.0035449283,0.014255024,0.9822,0.97865509823896,I love them!  The post seems strong so they should last and not bend easily.  The size is perfect.,5.0,5.0
523,0.0019961405,0.008635189,0.98936874,0.987372596282512,"Beautiful earrings, exactly as described. I love the choice of backs provided. Thank you.",5.0,5.0
524,0.0045760744,0.06807616,0.9273478,0.9227717048488556,Lovely earings,5.0,5.0
525,0.002012933,0.021030026,0.97695696,0.9749440306331962,They are perfect ! Those diamonds are dancing on my ears .,5.0,5.0
526,0.0020186896,0.022844117,0.9751372,0.9731184844858944,Beautiful earrings!,5.0,5.0
527,0.017186858,0.028312242,0.95450085,0.9373139962553978,Absolutely beautiful earrings. Love them so much. Great customer service too when I accidentally entered the wrong delivery address. Dealt with things very quickly and efficiently. Thank you.,5.0,5.0
528,0.0048142523,0.019583361,0.9756024,0.9707881361246108,"These earrings are so beautiful! Perfect size for my ears for a little everyday luxury. They sparkle like crazy! The delivery took long because unfortunately the item was held at customs, but William helped me promptly with sending documents.",5.0,3.0
529,0.0028883344,0.015495086,0.9816166,0.9787282817997038,Beautiful item and excellent customer service!!,5.0,5.0
530,0.0011086032,0.007846845,0.9910445,0.9899359181290492,The item came pretty quickly and it‚Äôs beautiful! I‚Äôm pleased with it.,5.0,5.0
531,0.0013735157,0.0057473164,0.9928792,0.9915056962054224,Wonderful set of earrings! Thank you for a great experience!,5.0,5.0
532,0.0011081111,0.015219312,0.98367256,0.9825644481461496,Very pleased with good quality earrings,5.0,5.0
533,0.2395022,0.5281888,0.232309,0.6037003256240284,,4.0,5.0
534,0.2395022,0.5281888,0.232309,0.9519214806508396,,5.0,4.0
535,0.2395022,0.5281888,0.232309,0.947756722352071,,5.0,5.0
536,0.2395022,0.5281888,0.232309,0.947756722352071,,5.0,5.0
537,0.2395022,0.5281888,0.232309,0.947756722352071,,5.0,5.0
538,0.2395022,0.5281888,0.232309,0.947756722352071,,5.0,5.0
539,0.2395022,0.5281888,0.232309,0.947756722352071,,5.0,5.0
540,0.0012578132,0.017420186,0.98132193,0.9800641176989302,"absolutely stunning diamond studs, look great and feel sturdy",5.0,5.0
541,0.0049186475,0.0965814,0.89849997,0.8935813182033598,simple stud but very elegant looking,5.0,5.0
542,0.0062891026,0.017288018,0.97642285,0.9701337437145412,"I love them! They're very beautiful and shiny. Will look great with every occasion.
The best quality is the customer service, and that they care for their customers. Had issues with delivery service (which has been normal in these tough times now) but William went over and beyond to help me! Will be a returning customer! 
Thanks William and God Be With You!!!",5.0,5.0
543,0.0012057349,0.01979209,0.97900224,0.9777965024113656,"Best earrings I‚Äôve ever had! And iv had a lot, Best Brilliance with eagle claw setting very sturdy all around great quality! Going to have to get a 1ct Each too üëå",5.0,5.0
544,0.0014909725,0.015123692,0.9833853,0.9818943520076572,Lovely shiny and very wearable.,5.0,5.0
545,0.0012548488,0.006789111,0.991956,0.9907011467730626,Got these for my niece and she LOVED them her face lit up when she opened the box. The owner of the shop was also very quick to respond and added in a beautiful birthday card with a hand written note I had written requested with my order. It also arrived so fast! I will definitely order with them again thank you!!,5.0,5.0
546,0.0029665658,0.017597262,0.97943616,0.9764695933554322,The quality of these is excellent and it was exactly as described.  It was exactly what I wanted and was shipped quickly.,5.0,5.0
547,0.0034850608,0.026439782,0.9700752,0.9665901293046772,"Really excellent product , shiny as picture describes",5.0,5.0
548,0.0011443651,0.010728418,0.9881272,0.9869828069349752,My sister loved her gift I definitely recommend buying from them!,5.0,5.0
549,0.0015765097,0.008177638,0.9902458,0.9886693094158544,excellent quality! can‚Äôt wait to get my next pair!!,5.0,5.0
550,0.002334569,0.021075377,0.9765901,0.9742555278353392,"They look really good, high quality, they came quickly despite Covid.",5.0,5.0
551,0.0016208411,0.0056686485,0.9927105,0.991089630057104,Beautiful!!! I love them. Can‚Äôt wait to buy more jewelry from this shop.,5.0,5.0
552,0.0014070444,0.006013287,0.99257964,0.9911725946003572,Bought for my daughter for her birthday. She loves them!  Great quality and beautiful.,5.0,4.0
553,0.0014075188,0.014697452,0.983895,0.9824874850455672,"Received on time and lovely gift wrapped with the personalised card which is a nice touch, these were a Birthday present which were instantly a hit.",5.0,5.0
554,0.006184945,0.040889785,0.95292526,0.9467403199523688,They are amazing and so sparkly. They look legit real. My friend asked me about my new purchase and when I told her they were fake she was shocked.,5.0,5.0
555,0.0024286446,0.11697534,0.88059604,0.8781673971097916,Shine like a genuine diamond!,5.0,5.0
556,0.0015001398,0.0118924845,0.9866073,0.985107173328288,"Beautiful earrings, so shiny and very well made.",5.0,5.0
557,0.0012650745,0.021322222,0.97741264,0.976147566572763,"Bought as a birthday gift, arrived in plenty of time, lovely earrings. Thanks.",5.0,5.0
559,0.2395022,0.5281888,0.232309,0.947756722352071,,5.0,5.0
560,0.2395022,0.5281888,0.232309,0.947756722352071,,5.0,5.0
561,0.2395022,0.5281888,0.232309,-0.4118098313650247,,1.0,1.0
562,0.0020333782,0.012231072,0.9857356,0.98370221699588,"Beautiful item, quick delivery, thanks!",5.0,5.0
563,0.0012280287,0.009355393,0.98941654,0.9881885109934956,"Beautiful earrings, I got the 7 mm and it is the perfect size. Definitely recommend!",5.0,5.0
564,0.0014862779,0.012983021,0.98553073,0.9840444561559708,I love it. Bought 3 pairs for my family members as well.,5.0,5.0
565,0.0016599585,0.024877895,0.9734622,0.9718022654997184,"Shiny, beautiful and well made!",5.0,5.0
566,0.0014753013,0.0056372294,0.99288744,0.9914121360052376,These earrings are stunning.   Beautifully packaged and included three sets of earring backs.   They sparkle and shine and I just love them!    Lots of compliments too.,5.0,5.0
567,0.0044243797,0.02709493,0.9684807,0.9640563265420496,Absolutely gorgeous and great quality,5.0,5.0
568,0.0017995816,0.019223338,0.9789771,0.9771775025874376,"Everything is perfect, quality earrings with nice box and beautifully wrapped, fast shipping and quick and helpful replies from seller. Recommend!",5.0,5.0
569,0.001630917,0.0080025,0.9903666,0.988735661143437,I was absolutely blown away with the quality of these. They're definitely a wow factor when it comes to the sparkle. These are definitely my favorite earrings. I also have VERY sensitive ears and these don't irritate them at all! I also appreciate the packaging they came in and the different backing options they gave me for the earrings.,5.0,5.0
570,0.00113216,0.008507057,0.99036074,0.989228576887399,"Beautiful earrings, very happy with my purchase.",5.0,5.0
571,0.0011604152,0.008126423,0.9907132,0.98955276387278,"Lovely earrings, very happy with purchase.",5.0,5.0
572,0.0018913004,0.012919025,0.9851896,0.9832983162486926,"Great item, great price. Look WOW!!

Will definitely come shopping here again.",5.0,5.0
573,0.0019750558,0.0093172155,0.9887078,0.9867327250540257,"The service was super quick and efficient! 
These earrings are beautiful! I cannot wear any other style of diamond studs except these. 
My mom never wears jewellery (none at all!) but I got the smallest size pair for her and she loved them so much she wanted a bigger size! 
10/10!",5.0,5.0
574,0.0013693754,0.010246582,0.988384,0.9870146330213174,"Such sparkly earrings and the perfect size, thank you x",5.0,5.0
575,0.0022784604,0.0068153325,0.99090624,0.9886277781333774,"Absolutely stunning, So Georges. Love them. thank you.",5.0,5.0
576,0.0056972383,0.29094693,0.7033558,0.6976585509255528,"Dances in the light, satisfied",4.0,1.0
577,0.0016743826,0.015991554,0.982334,0.9806596351554616,Lovely earrings. Very prompt delivery.,5.0,5.0
578,0.2395022,0.5281888,0.232309,0.947756722352071,,5.0,5.0
579,0.2395022,0.5281888,0.232309,0.947756722352071,,5.0,5.0
580,0.2395022,0.5281888,0.232309,0.947756722352071,,5.0,5.0
581,0.2395022,0.5281888,0.232309,0.6161946005203346,,4.0,2.0
582,0.2395022,0.5281888,0.232309,0.947756722352071,,5.0,5.0
583,0.2395022,0.5281888,0.232309,0.947756722352071,,5.0,5.0
584,0.2395022,0.5281888,0.232309,0.947756722352071,,5.0,5.0
585,0.004480723,0.095909216,0.89961004,0.8951293197460473,Very classy!,5.0,5.0
586,0.0011364509,0.007832733,0.9910308,0.9898943613516168,Beautiful earrings! So sparkly :),5.0,5.0
587,0.001705942,0.013891211,0.9844029,0.9826969529967756,Wonderful service! Great quality! Very responsive seller!üòä,5.0,5.0
588,0.0013292197,0.009160606,0.9895102,0.988180958898738,Beautiful earrings. Arrived quickly and we'll packaged. Extremely happy with my purchase.,5.0,5.0
589,0.031610876,0.14882492,0.8195642,0.7879533469676971,"Beautiful simulated diamonds - my wife can't tell the difference between them and the """"real thing"""".  Large and beautiful.",5.0,5.0
590,0.0609041,0.23164934,0.7074466,0.6465424746274948,Too big for me. But look good,4.0,4.0
591,0.0026013085,0.028363757,0.96903497,0.9664336612913758,"They‚Äôre smaller than I thought, but really pretty and good quality",5.0,5.0
592,0.004874573,0.016342273,0.97878313,0.9739085575565696,"Amazing quality!!! Very impressed, great customer service, quick shipping and best of all they really are beautiful. Bonus is that they do not agitate my very sensitive skin, which has happened alot with Etsy jewelry but not these! May purchase another pair just because",5.0,5.0
593,0.0022225713,0.009168278,0.9886092,0.9863866234663874,"Lovely, thank you so much",5.0,5.0
594,0.0012445883,0.006631566,0.9921239,0.9908793135546148,"Beautiful earrings, so pleased with them.
Thank you.",5.0,5.0
595,0.0015486033,0.0067661116,0.9916853,0.9901366679696366,excellent quality and sparkle! thank you so much!,5.0,5.0
596,0.0014709621,0.0084637655,0.9900653,0.9885943145491184,Very nice earings and of good quality and I love the way they shimmer in the light,5.0,5.0
597,0.0014264825,0.0072130193,0.9913605,0.9899340030970052,Great service and fantastic earrings. My daughter loves them. Super sparkly,5.0,5.0
598,0.0013781266,0.005656923,0.992965,0.9915868564276024,Beautiful! Look just like diamonds and the setting is perfect. Very pleased with them!,5.0,5.0
599,0.024090458,0.24927959,0.7266299,0.7025394551455975,I haven't received my package but if the review is still at 5 stars a while after my review its safe to say i was happy with the Item.,4.0,4.0
600,0.2395022,0.5281888,0.232309,0.947756722352071,,5.0,5.0
601,0.2395022,0.5281888,0.232309,0.947756722352071,,5.0,5.0
602,0.2395022,0.5281888,0.232309,0.947756722352071,,5.0,5.0
603,0.2395022,0.5281888,0.232309,0.947756722352071,,5.0,5.0
604,0.2395022,0.5281888,0.232309,0.947756722352071,,5.0,5.0
605,0.2395022,0.5281888,0.232309,0.947756722352071,,5.0,5.0
606,0.2395022,0.5281888,0.232309,0.947756722352071,,5.0,5.0
607,0.2395022,0.5281888,0.232309,0.947756722352071,,5.0,5.0
608,0.2395022,0.5281888,0.232309,0.6078650839227971,,4.0,4.0
609,0.003248601,0.042742595,0.9540088,0.950760216685012,Fast shipping and great item,5.0,5.0
610,0.0015144731,0.0060636266,0.9924219,0.9909074519528076,The earrings are so beautiful! Thank you :),5.0,5.0
611,0.0015847108,0.007049953,0.9913653,0.9897806027438492,Earrings are lovely thank you,5.0,5.0
612,0.0016353839,0.01727828,0.9810863,0.9794509297935292,"Beautiful earrings, different backs are good too",5.0,5.0
613,0.0013688778,0.005319393,0.99331176,0.9919428849825636,Very happy with my purchase ü•∞ My daughter loves the earrings. Thank you,5.0,5.0
614,0.094046414,0.30409145,0.6018622,0.5078157782554626,This is my second order as I like them so much and unfortunately lost one . 2nd order came faster than the first.,4.0,4.0
615,0.001720382,0.009316444,0.9889631,0.987242745119147,These are beautiful earrings. Great customer service!,5.0,5.0
616,0.0016722828,0.015988903,0.98233885,0.9806665629148484,Beautiful earrings at a great price. They even come beautifully hand wrapped,5.0,5.0
617,0.0014634138,0.0065550683,0.99198145,0.9905180329224096,"Looked beautiful, shipped really quickly for it being shipped from the UK to the US. My partner loved them :)",5.0,5.0
618,0.0016703482,0.0051600193,0.99316967,0.9914993171114476,Loved them for my mom as a gift thank you so much! They were so cute and perfect size :),5.0,5.0
619,0.0031240399,0.015733322,0.9811427,0.9780186598654836,Absolutely beautiful and exceeded my expectations. Would Absolutely buy again.,5.0,5.0
620,0.005463841,0.043223426,0.9513127,0.9458488798700272,Beautiful . Great quality,5.0,5.0
621,0.0012029171,0.016187368,0.98260975,0.981406831764616,Bought these as a present. Nice and sparkly. Would recommend.,5.0,5.0
622,0.045491293,0.28381643,0.67069227,0.6252009719610214,Good service and product paid extra ¬£4.00 to gift wrap which was a lot to pay for the size of package.,4.0,4.0
623,0.0016981447,0.018864578,0.9794373,0.9777391469106078,"Beautiful, very sparkly earrings. Good size for everyday use. Shipping to Western Canada was roughly 3 weeks as FYI for Canadian buyers. Speedy, thorough and professional seller via correspondence. Highly recommended.",5.0,5.0
624,0.09909064,0.22964224,0.6712671,0.5721764490008354,"Love these, only downfall is kinda flimsy",4.0,4.0
625,0.0014163747,0.006511851,0.9920718,0.9906554326880724,"Lovely, well made product that will make a fabulous birthday present for my bestie",5.0,5.0
626,0.0011962968,0.008519745,0.9902839,0.989087609690614,"Wonderful earrings, my sistervloved them. Thank you!",5.0,5.0
627,0.0015593403,0.018010614,0.98043,0.978870666702278,Love the earrings. Very dainty and simple. Wished they had bigger sizes would love to get a 2-3ct. Will purchase again.,5.0,5.0
628,0.0017480671,0.023440558,0.97481143,0.9730633676517756,Really nice . I like to wear them,5.0,5.0
629,0.2395022,0.5281888,0.232309,0.947756722352071,,5.0,5.0
630,0.0012696439,0.017858023,0.9808724,0.9796027487609535,Ordered these for my granddaughter. Really nice earrings and arrived in a couple of days of ordering them. Excellent all round service.,5.0,5.0
631,0.001647562,0.007329316,0.99102306,0.9893755016382784,"Just stunning!! I ordered 1 carat before and loved it so much so this time got 0.5 for casual occasions too, can wear them daily they do not irritate my sensitive ears. üëç I still love the sapphire ring I got last year also and with my newest addition of the indicolite tourmaline üòç It won't be my last time to shop at Shiny Jungle Jewellery, thank you William!",5.0,5.0
632,0.0011087905,0.007955745,0.9909355,0.9898267139215022,My earrings are stunning and fabulous! Sparkly! It‚Äôs a must buy u won‚Äôt regret it!üôåüèΩ,5.0,5.0
633,0.0017926318,0.0064070895,0.99180025,0.9900076168123632,These studs are so incredibly beautiful! The seller was so kind and accomodating with any conerns I had about receiving the item in time. Thank you so much for a beautiful piece of jewelry!,5.0,5.0
634,0.0025435828,0.031738814,0.96571755,0.9631739712785928,"beautiful, I  get many compliments on them.",5.0,5.0
635,0.0013071717,0.014000419,0.98469234,0.9833851634757592,As described and very quick delivery.  Very happy with the item. 100% recommended seller,5.0,5.0
636,0.0011470619,0.0077567664,0.99109614,0.9899490770185366,"Beautiful shiny earrings. Quality item. Fast delivery, came just in time for my bday :)",5.0,5.0
637,0.0016854436,0.014171583,0.98414296,0.9824575155507772,"Gorgeous earrings, and great service!",5.0,5.0
638,0.0013088499,0.010466262,0.98822486,0.9869160141097382,"Gorgeous earrings!! And quick delivery, highly recommend!!",5.0,5.0
639,0.0015342366,0.018536083,0.97992975,0.9783955086022617,"Beautifully presented, comfortable to wear and with 2 spare sets of earring backs! Arrived very promptly and well packaged.",5.0,5.0
640,0.0035964197,0.014852134,0.98155147,0.9779550486709924,"Absolutely magnificent quality ear rings, My wife loved them didn't take them off for day's. Asked for special delivery. arrived no problem. Brilliant Thank you.
Barry",5.0,5.0
641,0.0021873522,0.009870688,0.9879419,0.9857545685954392,"Earrings are absolutely stunning...
Customer service was very helpful too as was delivery!
Excellent product & service- very happy.",5.0,5.0
642,0.0018771705,0.0154979825,0.9826248,0.9807476582936944,Gorgeous and very good quality!,5.0,5.0
643,0.0017995829,0.0071068127,0.9910936,0.9892939931014552,Absolutely STUNNING earrings! Thank you so much!,5.0,5.0
644,0.002269316,0.008719643,0.98901105,0.9867417332716286,I love them!!! Received them in a timely manner....,5.0,5.0
645,0.0016652946,0.0066531156,0.99168164,0.9900163407437504,"Totally stunning! This shop deserves 5* !! Gorgeous earrings, lovely packaging, extra backings, very fast delivery and great customer service! Thats how I imagine shopping experience on Etsy:-) Would buy again! Many thanks William!",5.0,5.0
646,0.0056608906,0.0616834,0.93265575,0.9269948611035944,Pretty. A little bigger than I expected but still pretty. Quick service,5.0,5.0
647,0.0013163923,0.017009286,0.9816743,0.9803579212166368,I got my item very quickly and the earrings were stunning.,5.0,5.0
648,0.039189808,0.20248938,0.7583208,0.7191310003399849,I literally wear they everyday and feel naked without them. They add that little pop to all my different looks and outfits. I always forget I have them on because they are so comfortable. Although I wish I would picked a different color because silver doesn't look the best on be but that's on me. I always lose my earrings but the little box that it comes in always comes in handy.,4.0,4.0
649,0.2395022,0.5281888,0.232309,0.947756722352071,,5.0,5.0
650,0.2395022,0.5281888,0.232309,0.947756722352071,,5.0,5.0
651,0.2395022,0.5281888,0.232309,0.947756722352071,,5.0,5.0
652,0.2395022,0.5281888,0.232309,0.9519214806508396,,5.0,4.0
653,0.001292953,0.008089801,0.9906172,0.9893242625985296,"Brilliant - lovely sparkly earrings, arrived quick and I‚Äôve worn them loads, thank you",5.0,5.0
654,0.0012560372,0.0073463228,0.9913976,0.9901415820932016,Loved the earrings! Good size and super cute!,5.0,5.0
655,0.0011349686,0.009279406,0.9895857,0.9884507290553302,Amazing earrings. They look like real diamonds. Perfect gift!,5.0,5.0
656,0.0015769181,0.023805158,0.97461796,0.9730410400079564,Really   sparkly and pretty!,5.0,5.0
657,0.0076497477,0.15727669,0.8350736,0.8274238426238298,Really    sparkly!,5.0,5.0
658,0.0013486855,0.014497863,0.98415345,0.9828047640621662,Beautiful and well made! Also comfortable to wear and sturdy.,5.0,5.0
659,0.002442731,0.014835779,0.9827215,0.9802787764929236,Love them!  Just what‚Äôs I was looking for.,5.0,5.0
660,0.0021532942,0.052180488,0.94566625,0.9435129594057798,Perfect size for every day wear!,5.0,5.0
661,0.005311823,0.031896036,0.96279216,0.9574803351424634,Beautiful earrings! I just wish the post that goes through your ear was not so long. Besides that üëå great buy!,5.0,5.0
662,0.0022834623,0.007109421,0.99060714,0.9883236801251768,"Okay, these are utterly amazing! I feel tempted to get the bigger ones now, because I know they won't look tacky at all. Grateful for the free shipping!",5.0,5.0
663,0.002089902,0.013799959,0.9841101,0.9820202148985118,Very beautiful perfect for a gift,5.0,5.0
664,0.0013441239,0.00771748,0.9909384,0.9895943012088536,Lovely earrings! Really pretty and perfect size.,5.0,5.0
665,0.0024158352,0.021018052,0.9765661,0.9741502411197872,"Beautiful earrings, and very good price. I bought it for me but ended on my son's ear...",5.0,5.0
666,0.0015223912,0.0058493167,0.9926282,0.991105825523846,I absolutely love my earrings. I have received complements about them. Great shopping experience. I will be a repeat customer.,5.0,5.0
667,0.0013098422,0.0057430654,0.9929471,0.99163725937251,I ordered these on a Tuesday afternoon and they were here by Wednesday!! The earrings are gorgeous so sparkly I would deffo be back for more and have had so many compliments on them!! William was a lovely seller I messaged him to say thank you for the super quick delivery!! üòä,5.0,5.0
668,0.003255875,0.015584688,0.98115945,0.9779035735409708,"Great product - Bought the ear studs as a birthday present for my mother and she absolutely loved it. Good quality and setting for the stone. 

Great service - William had been very kind. My Apple Pay default address was wrong, reached out to William and he had been very kind and reassuring in correcting the details. Knowing it was a birthday present, William had also included a wonderful birthday card for my message. 

Overall it is a great purchase!!",5.0,5.0
669,0.0016122151,0.0073525724,0.9910353,0.989423067541793,"Absolutely beautiful - I ordered these for my daughters birthday for today 4/2 hoping I hadn't left it too late but arrived very quickly, well packaged and in a very nice box - she is thrilled with them - thank you very much indeed 
Take it from me order from William with confidence as he clearly knows and loves his work",5.0,5.0
670,0.0013548819,0.006917058,0.99172807,0.9903731854865327,Super cute and sparkly! My daughter loves them.,5.0,5.0
671,0.0012933261,0.0069593773,0.99174726,0.9904539339477196,"I am very happy with these 'beautiful' earrings.
Very good service.  They look real, true class!",5.0,5.0
672,0.2395022,0.5281888,0.232309,0.947756722352071,,5.0,5.0
673,0.0013588201,0.0068346397,0.9918065,0.9904476869851352,I love these earrings!  I have been wearing them everyday since receiving them.  I was so surprised how quickly I received them coming from England to the US.,5.0,5.0
674,0.0019014166,0.01349549,0.9846031,0.982701690401882,Worth the money! The product is really shiny and the seller is very nice and cares about your customer service  experience. 10/10,5.0,5.0
675,0.0015963096,0.03253388,0.9658698,0.9642734747612848,Imagine those sparkles and love it my diamond earrings got 2 sizes and wear them everyday,5.0,5.0
676,0.0024189905,0.061228193,0.93635285,0.9339338585268706,"Looks real diamonds and so much sparkle 
Fast delivery 1 week early before the date of shipped.",5.0,5.0
677,0.0058040335,0.033381645,0.96081436,0.955010323319584,"Very nice studs. The posts are longer and thinner than my other earrings, only noticeable because I like to use disc earring backs and noticed they were a little looser than my other earrings but they are lovely and don't cause any problems",5.0,5.0
678,0.0017185137,0.018812768,0.9794687,0.977750189602375,"Lovely pair of earrings
Arrived promptly",5.0,5.0
679,0.0013555032,0.010098912,0.9885456,0.9871900933794676,"Very sparkly and quite big. Very nice setting. Great product for the price. Will make great gifts, too.",5.0,5.0
680,0.0012039345,0.015288651,0.9835074,0.9823034602450208,"My wife's favourite, very sparkly she does not wear other other studs anymore, friends thought they were real diamonds hehe, 100% as pictured and came nicely with box, thank you!",5.0,5.0
681,0.0017623081,0.012716111,0.9855216,0.9837593064876272,"Perfect present, look beautiful quickly delivered.",5.0,5.0
682,0.0018034098,0.00493343,0.9932632,0.9914597752504052,So sparkly!!! I‚Äôm in love! Please keep making these incase I loose them! I may even purchase more because they are sooo pretty! Made so beautifully! delivery was so fast too. Thank you üòä,5.0,5.0
683,0.0018441625,0.005761444,0.99239445,0.990550284855999,Really love them I got the 5mm and 7mm to wear on different days. I can‚Äôt believe how sparkly they are! Really love them!!,5.0,5.0
684,0.00180016,0.008185336,0.99001455,0.9882143930299208,The shipping was nice and quick the earrings are amazing quality and there was no hassle at all overall it is an amazing company who I will definitely buy off again,5.0,5.0
685,0.0070172367,0.068822466,0.92416036,0.9171431246213616,Amazing and timely customer service.,5.0,5.0
686,0.0017374733,0.012421781,0.9858408,0.9841033241245896,"So beautiful, as described.  Arrived on time. Will buy from them again.",5.0,5.0
687,0.00229255,0.023726206,0.9739812,0.9716886517126112,Just beautiful!  Item was as described and arrived in a timely manner.,5.0,5.0
688,0.0035958532,0.033123795,0.9632804,0.9596845265477896,"Beautiful earrings, well made, look exactly like the image.
Shipped quickly.",5.0,5.0
689,0.002347907,0.119444296,0.87820774,0.8758598361164331,Five stars rating for me!,5.0,5.0
690,0.0075130127,0.05348121,0.9390058,0.9314927794039248,Love the workmanship and quality,5.0,5.0
691,0.0012008443,0.010035539,0.9887636,0.9875627264846116,"Gorgeous earrings, fast shipping, very happy",5.0,5.0
692,0.0018965414,0.00934485,0.98875856,0.98686202254612,Very sparkly and well made. Love them.,5.0,5.0
693,0.0015008729,0.017009862,0.98148924,0.979988368228078,"Beautiful earrings, and arrived promptly!",5.0,5.0
694,0.0012992896,0.01336519,0.9853356,0.984036298817955,Gorgeous earring! Simple and elegant.,5.0,5.0
695,0.0036963983,0.089748755,0.9065549,0.9028584794141352,Item as described.  Shipped promptly. Thank you.,5.0,5.0
696,0.0011668282,0.008353336,0.99047977,0.989312939113006,"I love these beautiful 'diamond' stud earrings. The diamonds are set delicately in a 3 silver claw setting and have been admired as I wear them. Well done Shiny Jungle, I would love to try these in other simulated stone colours and use the thank you voucher towards the purchase so will be watching this space.",5.0,5.0
